check_item,source_A,value_A,source_B,value_B,difference,authoritative_source,reason
V3 PDR trend (OLSR N=10 to N=100),integrity-audit cross_seed_consistency.csv,"69.475 -> 29.775",final-report-data v3_core_results.csv,"69.475 -> 29.775",none (identical computation),v3_core_results.csv,Both computed from the same official-seed-filtered V3 rows with the same pooling; recomputation reproduced identical values bit-for-bit.
OLSR/Static/V4 PDR at N=50/medium/static (single condition),BOTTLENECK_ANALYSIS.md (F6),"OLSR 37.9%, Static 36.4%, V4 34.8%",fresh recomputation this session from raw results/v3-ext and results/v4-matched,"OLSR 37.898%, Static 36.444%, V4 34.844%",none (rounding only),both agree,Independent recomputation from raw files reproduces the previously-published single-condition figures exactly.
V4 vs Static PDR (pooled matched comparison, all N),v4_results.csv (V4-matched section),"e.g. N=50: V4=24.68%, Static=25.42% (pooled over low/medium/high traffic x static/low/medium mobility)",BOTTLENECK_ANALYSIS.md single-condition figure (above),"N=50/medium/static only: V4=34.84%, Static=36.44%",Not a conflict -- different pooling scope,both authoritative for their stated scope,"The pooled matched figure (594 rows, all traffic/mobility) and the single-condition figure (11 rows, medium/static only) are different, correctly-labeled statistics. Always state which pooling is being quoted."
Gateway airtime at N=75/high (OLSR),T_probe_aggregate_by_cell.csv (§10, 11 seeds),0.8638,bottleneck_results.csv (this package, same source),0.8638,none (direct copy),bottleneck_results.csv,Copied verbatim from the existing approved §10 derived table; no recomputation performed.
Gateway airtime at N=100/high (OLSR),T_probe_aggregate_by_cell.csv (§10, 11 seeds),0.8893,bottleneck_results.csv (this package),0.8893,none,bottleneck_results.csv,Same as above.
MAC queue drops at N=50/high (OLSR),T_probe_aggregate_by_cell.csv (§10, 11 seeds),10135.0,T_retry_aggregate_by_cell.csv (retry-exhaustion, 3 seeds subset),9913.7,"difference exists, both correct","both authoritative for their respective seed counts","§10 uses all 11 seeds (20-30); the retry-exhaustion dataset independently reran only 3 of those seeds (20,25,30) with additional instrumentation. The two datasets are not expected to match exactly (different seed subset averaged) -- use §10 (11 seeds) for the general bottleneck characterisation and the retry dataset (3 seeds) only for retry-specific analysis, never mix the two as if interchangeable."
Retry-exhaustion contribution to loss,M2 report (prior session),"mean ~6% of loss, MAC-queue overflow larger in 10/12 cells",retry_results.csv (this package, same source table),"1.50%-18.01% range, mean of means ~6.3%; macq_pct >= retry_pct in 10/12 cells",none (direct copy, verified),retry_results.csv,Copied verbatim from T_retry_aggregate_by_cell.csv.
Static/N=50 residual loss,prior diagnostic session report,"92-99.6% (stated as the typical/majority range)",static_n50_diagnostic.csv (this package, full 12-run recomputation),"64.65% - 99.57% full range across all 12 runs; >=92% in 10/12 runs; the single exception is 16kbps/seed30 at 64.65%",clarification, not a conflict,static_n50_diagnostic.csv (full range) is the precise authoritative figure,"The prior session's '92-99.6%' phrasing described the typical/majority pattern; the exact full range including the one lower-residual baseline seed (64.65%) is more precise and should be used in the thesis with both figures stated: 'typically >=92%, full range 65-99.6% across all 12 runs'."
OLSR N=75 PDR improvement (16->4kbps),prior rate-sweep session report,+14.7pp,rate_sweep_results.csv (this package, recomputed from data-ratesweep/probe_aggregate.csv),+14.67pp,none (rounding only),rate_sweep_results.csv,Recomputation from raw aggregate CSV reproduces the previously-reported figure.
OLSR N=100 PDR improvement (16->4kbps),prior rate-sweep session report,+25.2pp,rate_sweep_results.csv (this package),+25.21pp,none (rounding only),rate_sweep_results.csv,Recomputation from raw aggregate CSV reproduces the previously-reported figure.
V4 Tier-1 Config 6 activation and PDR,V4_CLOSEOUT_REPORT.md / UPDATE8_TIER1_ACTIVATION_SCREEN.md,"11/11 seeds (100%) activated, mean hop +27.9%, PDR +3.5% (not significant)",v4_results.csv (this package, copied from T_tier1_activation_and_perf.csv),"11/11 (100%), hop +27.9%, PDR +3.51%",none (direct copy, verified),v4_results.csv,Copied verbatim from the existing approved Tier-1 derived table; no recomputation performed.
