timestamp,protocol,nodes,trafficLevel,seed,simTime,txPkts,rxPkts,pdr,throughputKbps,avgDelaySec,avgJitterSec,unreachableSensors,routingOverheadPkts,total_phy_rx_drops,total_mac_queue_drops,total_ip_drop_no_route,total_ip_drop_ttl,total_ip_drop_route_error,total_ip_drop_queue,total_ip_drop_other,gw_airtime_busy_frac,ring1_airtime_busy_frac_mean,rest_airtime_busy_frac_mean,ring1_node_count
1788885950,static,30,medium,20,300,15810,5184,32.7894,82.944,0.0609598,0.0210357,0,0,778097,0,0,0,0,0,0,0.139466,0.124354,0.101473,7
1788885955,static,30,medium,21,300,15810,5612,35.4965,89.792,0.0656217,0.0288536,0,0,656698,0,0,0,0,0,0,0.158116,0.140498,0.111896,16
1788885962,static,30,medium,22,300,15810,7898,49.9557,126.368,0.0793169,0.0301241,0,0,1123409,0,0,0,0,0,0,0.201183,0.199094,0.146772,11
1788885969,static,30,medium,23,300,15810,8821,55.7938,141.136,0.0987602,0.0360996,0,0,1312083,0,0,0,0,0,0,0.252533,0.223884,0.162895,11
1788885975,static,30,medium,24,300,15810,8432,53.3333,134.912,0.0692846,0.0332641,0,0,919506,0,0,0,0,0,0,0.192552,0.183911,0.12881,17
1788885981,static,30,medium,25,300,15810,6987,44.1935,111.792,0.0628782,0.0277835,0,0,842077,0,0,0,0,0,0,0.16179,0.158564,0.115839,15
1788885986,static,30,medium,26,300,15810,5155,32.6059,82.48,0.0614067,0.0256333,0,0,669708,0,0,0,0,0,0,0.139145,0.127172,0.0966369,12
1788885989,static,30,medium,27,300,15810,5077,32.1126,81.232,0.0417382,0.0179217,0,0,461998,0,0,0,0,0,0,0.109081,0.1085,0.0712113,12
1788885994,static,30,medium,28,300,15810,5306,33.561,84.896,0.0886872,0.0371774,1,0,833200,0,0,0,0,0,0,0.168456,0.146686,0.132277,13
1788885999,static,30,medium,29,300,15810,6278,39.709,100.448,0.0655918,0.027065,0,0,857742,0,0,0,0,0,0,0.156098,0.138265,0.109618,12
1788886006,static,30,medium,30,300,15810,7534,47.6534,120.544,0.0802939,0.0358772,0,0,1081332,0,0,0,0,0,0,0.210347,0.197366,0.150312,12
1788886021,static,30,high,20,300,31620,18718,59.1967,299.488,0.106608,0.0373582,0,0,2611316,0,0,0,0,0,0,0.496092,0.443915,0.375959,7
1788886030,static,30,high,21,300,31620,10788,34.1176,172.608,0.0590126,0.0277957,0,0,1223692,0,0,0,0,0,0,0.295067,0.258371,0.200866,16
1788886045,static,30,high,22,300,31620,17312,54.7502,276.992,0.0989201,0.0382713,0,0,2447511,17,0,0,0,0,0,0.443634,0.442255,0.332503,11
1788886060,static,30,high,23,300,31620,16858,53.3144,269.728,0.0967345,0.0358455,0,0,2602886,0,0,0,0,0,0,0.51173,0.45379,0.309349,11
1788886072,static,30,high,24,300,31620,16618,52.5553,265.888,0.0728806,0.0352411,0,0,1768576,0,0,0,0,0,0,0.386276,0.371263,0.252466,17
1788886084,static,30,high,25,300,31620,14978,47.3688,239.648,0.0745642,0.031092,0,0,1899613,0,0,0,0,0,0,0.355039,0.348739,0.2605,15
1788886092,static,30,high,26,300,31620,8897,28.1373,142.352,0.0561152,0.0218135,0,0,1361071,0,0,0,0,0,0,0.249485,0.234128,0.188624,12
1788886100,static,30,high,27,300,31620,10033,31.7299,160.528,0.0430042,0.0183897,0,0,1160097,0,0,0,0,0,0,0.225109,0.22644,0.156161,12
1788886110,static,30,high,28,300,31620,10908,34.4972,174.528,0.0792329,0.0302076,1,0,1694030,0,0,0,0,0,0,0.329027,0.288151,0.259622,13
1788886119,static,30,high,29,300,31620,11226,35.5028,179.616,0.0526312,0.0217804,0,0,1510172,0,0,0,0,0,0,0.273886,0.244699,0.190906,12
1788886133,static,30,high,30,300,31620,17441,55.1581,279.056,0.0809919,0.0395425,0,0,2192569,0,0,0,0,0,0,0.452443,0.431498,0.327705,12
1788886144,static,50,medium,20,300,26350,8819,33.4687,141.104,0.0890891,0.0392811,0,0,1888061,0,0,0,0,0,0,0.223749,0.212074,0.168859,19
1788886158,static,50,medium,21,300,26350,10814,41.0398,173.024,0.0994693,0.0456071,0,0,2143014,0,0,0,0,0,0,0.280704,0.260747,0.203077,28
1788886173,static,50,medium,22,300,26350,12358,46.8994,197.728,0.107205,0.0412085,0,0,2605007,0,0,0,0,0,0,0.305232,0.29268,0.212156,20
1788886184,static,50,medium,23,300,26350,7505,28.482,120.08,0.0840543,0.0318972,0,0,1758589,0,0,0,0,0,0,0.184232,0.174167,0.13166,21
1788886196,static,50,medium,24,300,26350,9926,37.6698,158.816,0.099178,0.0386243,0,0,2076199,0,0,0,0,0,0,0.250773,0.236279,0.178229,23
1788886208,static,50,medium,25,300,26350,8457,32.0949,135.312,0.0830287,0.0374407,0,0,1945540,0,0,0,0,0,0,0.202504,0.197654,0.147775,25
1788886221,static,50,medium,26,300,26350,9431,35.7913,150.896,0.0993666,0.0404307,0,0,1942984,0,0,0,0,0,0,0.241686,0.219747,0.177419,24
1788886232,static,50,medium,27,300,26350,8092,30.7097,129.472,0.079257,0.0320629,0,0,1789478,0,0,0,0,0,0,0.2122,0.20086,0.148141,20
1788886245,static,50,medium,28,300,26350,9636,36.5693,154.176,0.12175,0.0402219,0,0,2296633,0,0,0,0,0,0,0.260395,0.233157,0.198139,21
1788886258,static,50,medium,29,300,26350,10720,40.6831,171.52,0.110976,0.0379417,0,0,2211491,0,0,0,0,0,0,0.252561,0.228862,0.171484,21
1788886271,static,50,medium,30,300,26350,9876,37.4801,158.016,0.0961321,0.0433621,0,0,2270301,0,0,0,0,0,0,0.251955,0.242392,0.179894,22
1788886297,static,50,high,20,300,52700,20549,38.9924,328.784,0.136117,0.0522881,0,0,4228270,1315,0,0,0,0,0,0.528926,0.492972,0.405337,19
1788886330,static,50,high,21,300,52700,25083,47.5958,401.328,0.159992,0.0733498,0,0,4933346,4032,0,0,0,0,0,0.734446,0.693394,0.565415,28
1788886369,static,50,high,22,300,52700,29241,55.4858,467.856,0.169213,0.065461,0,0,6626751,4163,0,0,0,0,0,0.793569,0.769711,0.592453,20
1788886391,static,50,high,23,300,52700,14791,28.0664,236.656,0.119702,0.0507516,0,0,3752454,3318,0,0,0,0,0,0.4212,0.407819,0.321065,21
1788886417,static,50,high,24,300,52700,18524,35.1499,296.384,0.132583,0.0460023,0,0,4504835,2643,0,0,0,0,0,0.515938,0.489103,0.384181,23
1788886444,static,50,high,25,300,52700,20108,38.1556,321.728,0.113286,0.0558131,0,0,4152358,845,0,0,0,0,0,0.503486,0.49199,0.366318,25
1788886475,static,50,high,26,300,52700,21799,41.3643,348.784,0.159257,0.0673629,0,0,4611581,9455,0,0,0,0,0,0.652679,0.621339,0.525202,24
1788886497,static,50,high,27,300,52700,17475,33.1594,279.6,0.0865261,0.0360333,0,0,3760293,13,0,0,0,0,0,0.451176,0.432157,0.324139,20
1788886520,static,50,high,28,300,52700,14216,26.9753,227.456,0.0863541,0.0280062,0,0,3875298,0,0,0,0,0,0,0.388944,0.348403,0.299606,21
1788886545,static,50,high,29,300,52700,22591,42.8672,361.456,0.13961,0.0516724,0,0,4317476,1064,0,0,0,0,0,0.54107,0.499006,0.361577,21
1788886577,static,50,high,30,300,52700,22343,42.3966,357.488,0.185533,0.0788096,0,0,5360157,8978,0,0,0,0,0,0.652581,0.642289,0.520163,22
1788886604,static,75,medium,20,300,39525,13026,32.9564,208.416,0.138743,0.0585358,0,0,4693341,0,0,0,0,0,0,0.357156,0.33703,0.258399,28
1788886625,static,75,medium,21,300,39525,10489,26.5376,167.824,0.0950932,0.0461406,0,0,3416666,0,0,0,0,0,0,0.255504,0.24412,0.195765,41
1788886646,static,75,medium,22,300,39525,11967,30.277,191.472,0.105648,0.0384517,0,0,3734090,0,0,0,0,0,0,0.273597,0.260115,0.186814,27
1788886670,static,75,medium,23,300,39525,12118,30.6591,193.888,0.132981,0.0403354,0,0,4178540,0,0,0,0,0,0,0.31906,0.272276,0.221877,28
1788886700,static,75,medium,24,300,39525,15120,38.2543,241.92,0.158587,0.0593576,0,0,4804858,14,0,0,0,0,0,0.395027,0.372775,0.277778,36
1788886720,static,75,medium,25,300,39525,10935,27.666,174.96,0.0991816,0.0435279,0,0,3259914,0,0,0,0,0,0,0.255339,0.243097,0.17678,38
1788886744,static,75,medium,26,300,39525,12020,30.4111,192.32,0.116116,0.0439168,0,0,3880733,0,0,0,0,0,0,0.299439,0.277537,0.225261,32
1788886769,static,75,medium,27,300,39525,12114,30.649,193.824,0.119636,0.0457129,0,0,4259460,0,0,0,0,0,0,0.330881,0.303401,0.219755,31
1788886795,static,75,medium,28,300,39525,12219,30.9146,195.504,0.1415,0.0477794,0,0,4271602,0,0,0,0,0,0,0.31639,0.290589,0.232679,33
1788886821,static,75,medium,29,300,39525,14700,37.1917,235.2,0.124659,0.0474128,0,0,4465915,0,0,0,0,0,0,0.337993,0.316741,0.237753,31
1788886837,static,75,medium,30,300,39525,8657,21.9026,138.512,0.0932073,0.0431256,0,0,2711906,0,0,0,0,0,0,0.204992,0.195484,0.140855,30
1788886889,static,75,high,20,300,79050,24808,31.3827,396.928,0.186316,0.077446,0,0,9556918,7688,0,0,0,0,0,0.699762,0.689697,0.574511,28
1788886939,static,75,high,21,300,79050,23139,29.2713,370.224,0.165279,0.0763024,0,0,8001852,11162,0,0,0,0,0,0.671744,0.657343,0.561956,41
1788886995,static,75,high,22,300,79050,22194,28.0759,355.104,0.165423,0.0685661,0,0,8462642,10198,0,0,0,0,0,0.656267,0.641915,0.507111,27
1788887042,static,75,high,23,300,79050,23080,29.1967,369.28,0.186762,0.0534522,0,0,7863642,5610,0,0,0,0,0,0.658182,0.601271,0.479827,28
1788887095,static,75,high,24,300,79050,23952,30.2998,383.232,0.152172,0.073022,0,0,9091467,10505,0,0,0,0,0,0.658734,0.655425,0.542564,36
1788887144,static,75,high,25,300,79050,25904,32.7691,414.464,0.139247,0.0700438,0,0,7636726,2323,0,0,0,0,0,0.635677,0.616675,0.451642,38
1788887195,static,75,high,26,300,79050,23886,30.2163,382.176,0.177571,0.0795787,0,0,8184744,12823,0,0,0,0,0,0.693762,0.675792,0.575958,32
1788887248,static,75,high,27,300,79050,25201,31.8798,403.216,0.139979,0.0613698,0,0,9165943,3198,0,0,0,0,0,0.696404,0.669146,0.492654,31
1788887288,static,75,high,28,300,79050,19404,24.5465,310.464,0.118091,0.0464917,0,0,6405740,1432,0,0,0,0,0,0.490751,0.465227,0.360463,33
1788887331,static,75,high,29,300,79050,22045,27.8874,352.72,0.121516,0.0565751,0,0,7583879,4689,0,0,0,0,0,0.5304,0.523423,0.412069,31
1788887365,static,75,high,30,300,79050,17916,22.6641,286.656,0.132001,0.0564294,0,0,5703767,2425,0,0,0,0,0,0.449375,0.434188,0.320966,30
1788887401,static,100,medium,20,300,52700,12711,24.1195,203.376,0.139305,0.0545182,0,0,6422279,0,0,0,0,0,0,0.32466,0.30829,0.247073,33
1788887430,static,100,medium,21,300,52700,11303,21.4478,180.848,0.125458,0.0506417,0,0,4611399,0,0,0,0,0,0,0.278582,0.252915,0.195534,51
1788887469,static,100,medium,22,300,52700,14726,27.9431,235.616,0.156874,0.0503751,0,0,7102480,0,0,0,0,0,0,0.371134,0.337016,0.245718,35
1788887516,static,100,medium,23,300,52700,16182,30.7059,258.912,0.18617,0.0610282,0,0,8251376,24,0,0,0,0,0,0.448309,0.401454,0.318818,41
1788887550,static,100,medium,24,300,52700,13193,25.0342,211.088,0.143098,0.0488399,0,0,5802906,0,0,0,0,0,0,0.332697,0.306369,0.229199,43
1788887602,static,100,medium,25,300,52700,18915,35.8918,302.64,0.210074,0.0851087,0,0,8473531,1296,0,0,0,0,0,0.499057,0.47882,0.372705,49
1788887648,static,100,medium,26,300,52700,16383,31.0873,262.128,0.179315,0.0573645,0,0,7135603,0,0,0,0,0,0,0.443426,0.402211,0.324158,43
1788887673,static,100,medium,27,300,52700,9279,17.6072,148.464,0.134931,0.0535292,0,0,4398074,0,0,0,0,0,0,0.24606,0.22555,0.166303,41
1788887727,static,100,medium,28,300,52700,19111,36.2638,305.776,0.237512,0.0790786,0,0,8856362,1661,0,0,0,0,0,0.557665,0.516377,0.404666,39
1788887770,static,100,medium,29,300,52700,16474,31.26,263.584,0.155264,0.052916,0,0,7558191,0,0,0,0,0,0,0.382242,0.364718,0.281338,41
1788887806,static,100,medium,30,300,52700,12893,24.4649,206.288,0.163971,0.0697282,0,0,6293046,145,0,0,0,0,0,0.350078,0.33288,0.260935,43
1788887883,static,100,high,20,300,105400,22251,21.111,356.016,0.254628,0.0790664,0,0,15020888,14841,0,0,0,0,0,0.681189,0.681722,0.611321,33
1788887948,static,100,high,21,300,105400,20884,19.814,334.144,0.196328,0.079918,0,0,10898921,20886,0,0,0,0,0,0.639481,0.616787,0.535973,51
1788888021,static,100,high,22,300,105400,21214,20.1271,339.424,0.190677,0.0790221,0,0,13754607,13248,0,0,0,0,0,0.66485,0.657649,0.555794,35
1788888097,static,100,high,23,300,105400,25140,23.852,402.24,0.161621,0.0681098,0,0,13262068,15685,0,0,0,0,0,0.719112,0.695574,0.56672,41
1788888167,static,100,high,24,300,105400,24759,23.4905,396.144,0.159584,0.0730549,0,0,11905126,17200,0,0,0,0,0,0.639288,0.632263,0.513779,43
1788888253,static,100,high,25,300,105400,25700,24.3833,411.2,0.204553,0.0899035,0,0,12928529,14219,0,0,0,0,0,0.701582,0.697444,0.586093,49
1788888331,static,100,high,26,300,105400,25711,24.3937,411.376,0.189446,0.0801767,0,0,12041161,14822,0,0,0,0,0,0.705987,0.678875,0.581746,43
1788888381,static,100,high,27,300,105400,17457,16.5626,279.312,0.171328,0.0816694,0,0,8430422,3349,0,0,0,0,0,0.525291,0.491927,0.38699,41
1788888458,static,100,high,28,300,105400,24157,22.9194,386.512,0.169199,0.0704369,0,0,13337687,14529,0,0,0,0,0,0.707314,0.694977,0.586354,39
1788888535,static,100,high,29,300,105400,27501,26.092,440.016,0.190234,0.074151,0,0,14154935,4211,0,0,0,0,0,0.666392,0.659909,0.542663,41
1788888595,static,100,high,30,300,105400,20934,19.8615,334.944,0.15124,0.0656039,0,0,10609688,4111,0,0,0,0,0,0.564395,0.550458,0.43784,43
1788888603,olsr,30,medium,20,300,15810,4007,25.3447,64.112,0.0410958,0.0150177,0,0,772974,0,0,0,0,0,0,0.120838,0.112138,0.085284,7
1788888615,olsr,30,medium,21,300,15810,5172,32.7135,82.752,0.0601291,0.0318478,0,0,669595,0,0,0,0,0,0,0.156997,0.137921,0.115522,16
1788888627,olsr,30,medium,22,300,15810,5520,34.9146,88.32,0.0709186,0.0328667,0,0,950424,0,0,0,0,0,0,0.180732,0.172004,0.139259,11
1788888637,olsr,30,medium,23,300,15806,5356,33.8859,85.696,0.0749227,0.0391017,0,0,1015142,0,0,0,0,0,0,0.184918,0.173888,0.13461,11
1788888654,olsr,30,medium,24,300,15810,8637,54.63,138.192,0.076344,0.0395653,0,0,1110523,0,0,0,0,0,0,0.231444,0.227911,0.155861,17
1788888668,olsr,30,medium,25,300,15810,7936,50.1961,126.976,0.0795255,0.0353462,0,0,1150419,0,0,0,0,0,0,0.236134,0.218143,0.1691,15
1788888679,olsr,30,medium,26,300,15810,4795,30.3289,76.72,0.0652767,0.0290712,0,0,704406,0,0,0,0,0,0,0.147341,0.138876,0.107402,12
1788888693,olsr,30,medium,27,300,15810,8131,51.4295,130.096,0.0833401,0.0387214,0,0,1184336,0,0,0,0,0,0,0.239994,0.24432,0.191347,12
1788888703,olsr,30,medium,28,300,15810,4982,31.5117,79.712,0.0581328,0.029548,1,0,738229,0,0,0,0,0,0,0.156148,0.138817,0.12421,13
1788888711,olsr,30,medium,29,300,15810,4352,27.5269,69.632,0.0465632,0.0217273,0,0,645135,0,0,0,0,0,0,0.126557,0.10985,0.0813875,12
1788888725,olsr,30,medium,30,300,15810,7596,48.0455,121.536,0.0891213,0.0439234,0,0,1416111,0,0,0,0,0,0,0.253998,0.245527,0.20337,12
1788888739,olsr,30,high,20,300,31620,7597,24.0259,121.552,0.0595053,0.0274542,0,0,1808863,1,0,0,0,0,0,0.269438,0.263671,0.207129,7
1788888758,olsr,30,high,21,300,31569,11877,37.6224,190.032,0.0942037,0.0508427,0,0,1675709,177,0,0,0,0,0,0.393904,0.349528,0.286406,16
1788888775,olsr,30,high,22,300,31620,10251,32.4194,164.016,0.09901,0.0454426,0,0,1961953,286,0,0,0,0,0,0.359595,0.32327,0.273926,11
1788888792,olsr,30,high,23,300,31620,11658,36.8691,186.528,0.123645,0.0596596,0,0,2294433,613,0,1,0,0,0,0.438387,0.407878,0.318337,11
1788888816,olsr,30,high,24,300,31568,16634,52.6926,266.144,0.0866438,0.0444817,0,0,2347618,6,0,1,0,0,0,0.455471,0.447435,0.32338,17
1788888837,olsr,30,high,25,300,31592,15577,49.3068,249.232,0.0929711,0.0461017,0,0,2235611,345,0,0,0,0,0,0.445772,0.43289,0.32481,15
1788888857,olsr,30,high,26,300,31590,13913,44.0424,222.608,0.100172,0.0489704,0,0,2206022,589,33,0,0,0,0,0.460297,0.432995,0.350986,12
1788888879,olsr,30,high,27,300,31610,15258,48.2695,244.128,0.123765,0.058489,0,0,2431043,1999,0,1,0,0,0,0.531036,0.532712,0.416092,12
1788888901,olsr,30,high,28,300,31589,14738,46.6555,235.808,0.157621,0.081841,1,0,2592502,1989,0,0,0,0,0,0.578795,0.52813,0.467498,13
1788888920,olsr,30,high,29,300,31620,15377,48.6306,246.032,0.0855877,0.0380883,0,0,2427886,11,0,0,0,0,0,0.429693,0.400973,0.339805,12
1788888940,olsr,30,high,30,300,31620,14939,47.2454,239.024,0.0964956,0.0455694,0,0,2294659,290,0,0,0,0,0,0.449939,0.430723,0.351444,12
1788888995,olsr,50,medium,20,300,26350,8514,32.3112,136.224,0.137918,0.0691336,0,0,3432071,0,0,0,0,0,0,0.355342,0.340428,0.282976,19
1788889065,olsr,50,medium,21,300,26346,11832,44.91,189.312,0.148121,0.0755216,0,0,3227714,5,0,0,0,0,0,0.404682,0.376957,0.308408,28
1788889124,olsr,50,medium,22,300,26350,12380,46.9829,198.08,0.15969,0.0799908,0,0,3592146,44,0,0,0,0,0,0.421476,0.405752,0.310494,20
1788889180,olsr,50,medium,23,300,26350,8466,32.129,135.456,0.123151,0.0669118,0,0,2781945,3,0,0,0,0,0,0.306844,0.291449,0.223065,21
1788889248,olsr,50,medium,24,300,26350,9720,36.888,155.52,0.147101,0.0752611,0,0,3063263,21,0,1,0,0,0,0.357114,0.347248,0.2783,23
1788889316,olsr,50,medium,25,300,26350,10000,37.9507,160,0.125625,0.0664198,0,0,2925701,0,0,0,0,0,0,0.340385,0.319682,0.252946,25
1788889377,olsr,50,medium,26,300,26350,7385,28.0266,118.16,0.101025,0.0553688,0,0,2195921,0,0,0,0,0,0,0.283127,0.258937,0.211433,24
1788889429,olsr,50,medium,27,300,26350,9221,34.9943,147.536,0.136242,0.0673777,0,0,2967208,7,0,2,0,0,0,0.345264,0.326907,0.247523,20
1788889485,olsr,50,medium,28,300,26350,8101,30.7438,129.616,0.133055,0.0660281,0,0,2817185,0,0,0,0,0,0,0.345471,0.30206,0.259209,21
1788889542,olsr,50,medium,29,300,26350,10264,38.9526,164.224,0.143118,0.0696886,0,0,3287614,0,0,0,0,0,0,0.358365,0.344916,0.278738,21
1788889608,olsr,50,medium,30,300,26350,13963,52.9905,223.408,0.160785,0.0775613,0,0,4142858,87,0,0,0,0,0,0.474824,0.450705,0.354683,22
1788889673,olsr,50,high,20,300,52700,18046,34.2429,288.736,0.205005,0.0971119,0,0,6525756,8552,0,0,0,0,0,0.67338,0.66627,0.564976,19
1788889748,olsr,50,high,21,300,52644,19885,37.7726,318.16,0.199586,0.10774,0,0,6085281,11733,6,0,0,0,0,0.762453,0.735709,0.618143,28
1788889812,olsr,50,high,22,300,52591,20109,38.2366,321.744,0.188177,0.0932304,0,0,6271677,9503,2,1,0,0,0,0.683372,0.67654,0.54318,20
1788889877,olsr,50,high,23,300,52686,18232,34.605,291.712,0.185105,0.0953096,0,0,6373151,8999,0,2,0,0,0,0.679313,0.6687,0.551702,21
1788889948,olsr,50,high,24,300,52674,21150,40.1526,338.4,0.191278,0.093571,0,0,6266782,8833,61,0,0,0,0,0.741157,0.729157,0.608825,23
1788890019,olsr,50,high,25,300,52689,25023,47.4919,400.368,0.205904,0.105499,0,0,6785197,11586,42,0,0,0,0,0.835162,0.818759,0.66137,25
1788890090,olsr,50,high,26,300,52672,22431,42.5862,358.896,0.212402,0.103725,0,0,6398684,13308,0,0,0,0,0,0.818209,0.77993,0.674941,24
1788890153,olsr,50,high,27,300,52695,15767,29.9212,252.272,0.204227,0.102833,0,0,6331778,11401,1,0,0,0,0,0.700299,0.687307,0.558224,20
1788890215,olsr,50,high,28,300,52700,16258,30.8501,260.128,0.188197,0.0950313,0,0,5513155,6926,0,0,0,0,0,0.626844,0.599019,0.527213,21
1788890281,olsr,50,high,29,300,52689,24183,45.8976,386.928,0.209327,0.100054,0,0,7323400,11041,0,2,0,0,0,0.777988,0.77516,0.666086,21
1788890351,olsr,50,high,30,300,52499,23066,43.9361,369.056,0.191298,0.0977482,0,0,7095438,9603,56,2,0,0,0,0.790083,0.780537,0.638732,22
1788890540,olsr,75,medium,20,300,39525,14444,36.544,231.104,0.242232,0.126117,0,0,8375693,1537,0,0,0,0,0,0.626015,0.592778,0.492251,28
1788890810,olsr,75,medium,21,300,39525,12436,31.4636,198.976,0.261037,0.147919,0,0,6539979,2227,0,0,0,0,0,0.567038,0.532207,0.439668,41
1788891022,olsr,75,medium,22,300,39521,12067,30.5331,193.072,0.217953,0.114382,0,0,6910888,1401,4,0,0,0,0,0.504755,0.475516,0.371697,27
1788891211,olsr,75,medium,23,300,39525,12792,32.3643,204.672,0.220662,0.121251,0,0,7932455,2078,0,0,0,0,0,0.579993,0.543872,0.444426,28
1788891471,olsr,75,medium,24,300,39525,15463,39.1221,247.408,0.208779,0.110472,0,0,7499876,751,0,0,0,0,0,0.576642,0.552324,0.442105,36
1788891722,olsr,75,medium,25,300,39525,15788,39.9443,252.608,0.220027,0.121813,0,0,7303299,1860,0,0,0,0,0,0.599806,0.568973,0.439665,38
1788891960,olsr,75,medium,26,300,39525,14051,35.5497,224.816,0.229236,0.117902,0,0,7187632,1166,0,0,0,0,0,0.588025,0.5425,0.444251,32
1788892151,olsr,75,medium,27,300,39525,11870,30.0316,189.92,0.216029,0.110091,0,0,7467412,1493,0,0,0,0,0,0.54498,0.520182,0.405858,31
1788892371,olsr,75,medium,28,300,39525,14586,36.9032,233.376,0.247861,0.127715,0,0,8049949,2146,0,2,0,0,0,0.626487,0.582435,0.488698,33
1788892586,olsr,75,medium,29,300,39525,13383,33.8596,214.128,0.225546,0.117337,0,0,7605749,1457,0,0,0,0,0,0.549883,0.525425,0.431196,31
1788892778,olsr,75,medium,30,300,39525,14549,36.8096,232.784,0.263599,0.13339,0,0,8520963,2630,0,2,0,0,0,0.624482,0.594261,0.492946,30
1788892937,olsr,75,high,20,300,78876,19028,24.1239,304.448,0.294376,0.130285,0,0,13805652,29112,0,0,0,0,0,0.860889,0.852169,0.755556,28
1788893130,olsr,75,high,21,300,78695,20368,25.8822,325.888,0.289337,0.137752,0,0,12078599,26625,44,0,0,0,0,0.865481,0.857366,0.756125,41
1788893292,olsr,75,high,22,300,78265,20023,25.5836,320.368,0.310815,0.13625,0,0,13404992,30133,177,0,0,0,0,0.874629,0.868432,0.744098,27
1788893447,olsr,75,high,23,300,78885,18118,22.9676,289.888,0.320008,0.140375,0,0,13978076,30588,47,0,0,0,0,0.871423,0.86154,0.755491,28
1788893622,olsr,75,high,24,300,78425,22846,29.131,365.536,0.312526,0.143747,0,0,12542805,31744,74,0,0,0,0,0.882109,0.877733,0.764857,36
1788893791,olsr,75,high,25,300,78667,22092,28.0829,353.472,0.308365,0.15129,0,0,12378504,33355,67,0,0,0,0,0.883629,0.878785,0.748076,38
1788893968,olsr,75,high,26,300,78818,19894,25.2404,318.304,0.307261,0.132887,0,0,12145865,25915,156,0,0,0,0,0.85802,0.845036,0.759107,32
1788894130,olsr,75,high,27,300,78555,17157,21.8407,274.512,0.302645,0.141539,0,0,13656346,25427,113,0,0,0,0,0.87161,0.856677,0.724707,31
1788894299,olsr,75,high,28,300,78961,21936,27.7808,350.976,0.321103,0.145189,0,0,13159203,28886,0,0,0,0,0,0.873882,0.868722,0.776544,33
1788894473,olsr,75,high,29,300,74193,14843,20.0059,237.488,0.248649,0.126807,0,0,12152709,21538,1621,0,0,0,0,0.794707,0.778686,0.674382,31
1788894633,olsr,75,high,30,300,77948,20752,26.6229,332.032,0.298395,0.137832,0,0,13666565,26774,217,0,0,0,0,0.865664,0.858239,0.741947,30
1788894987,olsr,100,medium,20,300,51601,12645,24.5053,202.32,0.33169,0.173029,0,0,14990668,11139,354,1,0,0,0,0.766287,0.730156,0.633237,33
1788895461,olsr,100,medium,21,300,52679,16139,30.6365,258.224,0.343785,0.190561,0,0,13933471,15050,45,0,0,0,0,0.821604,0.785275,0.680349,51
1788895888,olsr,100,medium,22,300,52697,12108,22.9766,193.728,0.327289,0.172599,0,0,13426749,8549,2,0,0,0,0,0.673059,0.651318,0.544307,35
1788896321,olsr,100,medium,23,300,52602,13994,26.6036,223.904,0.309385,0.157733,0,0,13915575,7411,2,0,0,0,0,0.719925,0.694716,0.569068,41
1788896770,olsr,100,medium,24,300,52697,17990,34.1386,287.84,0.320279,0.177248,0,0,14505263,10089,0,0,0,0,0,0.756947,0.740014,0.613021,43
1788897343,olsr,100,medium,25,300,52691,17476,33.167,279.616,0.295463,0.163254,0,0,13282369,6349,1,0,0,0,0,0.745029,0.717558,0.590604,49
1788897851,olsr,100,medium,26,300,52096,15084,28.9542,241.344,0.33203,0.181996,0,0,13876421,13322,193,0,0,0,0,0.797798,0.763682,0.667344,43
1788898325,olsr,100,medium,27,300,52699,14803,28.0897,236.848,0.310322,0.162582,0,0,14451325,8142,0,0,0,0,0,0.733035,0.70763,0.577623,41
1788898868,olsr,100,medium,28,300,52700,13524,25.6622,216.384,0.295411,0.156856,0,0,13254532,5982,0,0,0,0,0,0.689602,0.662564,0.559266,39
1788899428,olsr,100,medium,29,300,52397,15237,29.0799,243.792,0.326811,0.185796,0,0,13374160,8119,119,0,0,0,0,0.708937,0.694616,0.568957,41
1788900007,olsr,100,medium,30,300,52554,15870,30.1975,253.92,0.32494,0.172104,0,0,14673335,10810,6,0,0,0,0,0.763783,0.737307,0.616298,43
1788900253,olsr,100,high,20,300,95701,12188,12.7355,195.008,0.362064,0.15474,0,0,19896528,47214,2805,0,0,0,0,0.881684,0.867332,0.786513,33
1788901480,olsr,100,high,21,300,99125,10742,10.8368,171.872,0.393821,0.176837,0,0,18020861,47274,1369,0,0,0,0,0.890201,0.876595,0.794113,51
1788901723,olsr,100,high,22,300,102100,14574,14.2742,233.184,0.383869,0.161749,0,0,21206403,46506,867,0,0,0,0,0.88762,0.883025,0.789131,35
1788901978,olsr,100,high,23,300,99911,12362,12.373,197.792,0.387117,0.157711,0,0,20223927,42664,1407,0,0,0,0,0.896579,0.886491,0.786967,41
1788902246,olsr,100,high,24,300,99483,16610,16.6963,265.76,0.338264,0.153952,0,0,19379304,38206,567,0,0,0,0,0.88359,0.877827,0.774123,43
1788902532,olsr,100,high,25,300,100584,16215,16.1209,259.44,0.35814,0.175838,0,0,18464544,46255,1723,0,0,0,0,0.898382,0.890478,0.777633,49
1788902814,olsr,100,high,26,300,101531,16717,16.4649,267.472,0.359596,0.162639,0,0,18540827,43148,1407,1,0,0,0,0.895968,0.88718,0.809463,43
1788903065,olsr,100,high,27,300,100421,15152,15.0885,242.432,0.383413,0.174466,0,0,20551690,47609,1370,0,0,0,0,0.889452,0.881446,0.770837,41
1788903331,olsr,100,high,28,300,99479,15137,15.2163,242.192,0.335949,0.153716,0,0,19123885,35817,1624,0,0,0,0,0.882143,0.873545,0.781218,39
1788903600,olsr,100,high,29,300,99900,17489,17.5065,279.824,0.359306,0.15994,0,0,19917348,42683,735,0,0,0,0,0.888184,0.885507,0.786645,41
1788903862,olsr,100,high,30,300,100657,14835,14.7382,237.36,0.36992,0.167501,0,0,20244647,40859,820,0,0,0,0,0.888663,0.880385,0.781966,43
