dataset,protocol,nodes,traffic_or_rate,seed,metric,reference_value,rerun_value,absolute_difference,relative_difference_percent,tolerance,status
V3-CaseA,aodv,10,medium,20,PacketsSent,5270,5270,0,0,exact (0),PASS
V3-CaseA,aodv,10,medium,20,PacketsReceived,4987,4987,0,0,exact (0),PASS
V3-CaseA,aodv,10,medium,20,PacketLoss,283,283,0,0,exact (0),PASS
V3-CaseA,aodv,10,medium,20,RoutingOverheadPackets,3125,3125,0,0,exact (0),PASS
V3-CaseA,aodv,10,medium,20,PathChanges,107,107,0,0,exact (0),PASS
V3-CaseA,aodv,10,medium,20,UnreachableSensors,0,0,0,0,exact (0),PASS
V3-CaseA,aodv,10,medium,20,PDR,94.63,94.63,0,0,0.01% relative,PASS
V3-CaseA,aodv,10,medium,20,ThroughputKbps,79.792,79.792,0,0,0.01% relative,PASS
V3-CaseA,aodv,10,medium,20,AverageDelaySec,0.103189,0.103189,0,0,0.01% relative,PASS
V3-CaseA,aodv,10,medium,20,AverageJitterSec,0.0649169,0.0649169,0,0,0.01% relative,PASS
V3-CaseA,aodv,10,medium,20,AverageHopCount,1.6521,1.6521,0,0,0.01% relative,PASS
V3-CaseA,aodv,10,medium,20,AverageLinkUtilization,0.0071536,0.0071536,0,0,0.01% relative,PASS
V3-CaseA,aodv,10,medium,20,MaximumLinkUtilization,0.0489806,0.0489806,0,0,0.01% relative,PASS
V3-CaseA,aodv,10,medium,25,PacketsSent,5270,5270,0,0,exact (0),PASS
V3-CaseA,aodv,10,medium,25,PacketsReceived,4010,4010,0,0,exact (0),PASS
V3-CaseA,aodv,10,medium,25,PacketLoss,1260,1260,0,0,exact (0),PASS
V3-CaseA,aodv,10,medium,25,RoutingOverheadPackets,314,314,0,0,exact (0),PASS
V3-CaseA,aodv,10,medium,25,PathChanges,21,21,0,0,exact (0),PASS
V3-CaseA,aodv,10,medium,25,UnreachableSensors,0,0,0,0,exact (0),PASS
V3-CaseA,aodv,10,medium,25,PDR,76.0911,76.0911,0,0,0.01% relative,PASS
V3-CaseA,aodv,10,medium,25,ThroughputKbps,64.16,64.16,0,0,0.01% relative,PASS
V3-CaseA,aodv,10,medium,25,AverageDelaySec,0.0337346,0.0337346,0,0,0.01% relative,PASS
V3-CaseA,aodv,10,medium,25,AverageJitterSec,0.0137334,0.0137334,0,0,0.01% relative,PASS
V3-CaseA,aodv,10,medium,25,AverageHopCount,1.43167,1.43167,0,0,0.01% relative,PASS
V3-CaseA,aodv,10,medium,25,AverageLinkUtilization,0.00451158,0.00451158,0,0,0.01% relative,PASS
V3-CaseA,aodv,10,medium,25,MaximumLinkUtilization,0.0330819,0.0330819,0,0,0.01% relative,PASS
V3-CaseA,aodv,10,medium,30,PacketsSent,5270,5270,0,0,exact (0),PASS
V3-CaseA,aodv,10,medium,30,PacketsReceived,5150,5150,0,0,exact (0),PASS
V3-CaseA,aodv,10,medium,30,PacketLoss,120,120,0,0,exact (0),PASS
V3-CaseA,aodv,10,medium,30,RoutingOverheadPackets,1178,1178,0,0,exact (0),PASS
V3-CaseA,aodv,10,medium,30,PathChanges,48,48,0,0,exact (0),PASS
V3-CaseA,aodv,10,medium,30,UnreachableSensors,0,0,0,0,exact (0),PASS
V3-CaseA,aodv,10,medium,30,PDR,97.723,97.723,0,0,0.01% relative,PASS
V3-CaseA,aodv,10,medium,30,ThroughputKbps,82.4,82.4,0,0,0.01% relative,PASS
V3-CaseA,aodv,10,medium,30,AverageDelaySec,0.055481,0.055481,0,0,0.01% relative,PASS
V3-CaseA,aodv,10,medium,30,AverageJitterSec,0.0314152,0.0314152,0,0,0.01% relative,PASS
V3-CaseA,aodv,10,medium,30,AverageHopCount,1.63165,1.63165,0,0,0.01% relative,PASS
V3-CaseA,aodv,10,medium,30,AverageLinkUtilization,0.00762687,0.00762687,0,0,0.01% relative,PASS
V3-CaseA,aodv,10,medium,30,MaximumLinkUtilization,0.0433121,0.0433121,0,0,0.01% relative,PASS
V3-CaseA,aodv,50,medium,20,PacketsSent,26350,26350,0,0,exact (0),PASS
V3-CaseA,aodv,50,medium,20,PacketsReceived,5102,5102,0,0,exact (0),PASS
V3-CaseA,aodv,50,medium,20,PacketLoss,21248,21248,0,0,exact (0),PASS
V3-CaseA,aodv,50,medium,20,RoutingOverheadPackets,232689,232689,0,0,exact (0),PASS
V3-CaseA,aodv,50,medium,20,PathChanges,1843,1843,0,0,exact (0),PASS
V3-CaseA,aodv,50,medium,20,UnreachableSensors,0,0,0,0,exact (0),PASS
V3-CaseA,aodv,50,medium,20,PDR,19.3624,19.3624,0,0,0.01% relative,PASS
V3-CaseA,aodv,50,medium,20,ThroughputKbps,81.632,81.632,0,0,0.01% relative,PASS
V3-CaseA,aodv,50,medium,20,AverageDelaySec,0.294003,0.294003,0,0,0.01% relative,PASS
V3-CaseA,aodv,50,medium,20,AverageJitterSec,0.204756,0.204756,0,0,0.01% relative,PASS
V3-CaseA,aodv,50,medium,20,AverageHopCount,1.5835,1.5835,0,0,0.01% relative,PASS
V3-CaseA,aodv,50,medium,20,AverageLinkUtilization,0.00130668,0.00130668,0,0,0.01% relative,PASS
V3-CaseA,aodv,50,medium,20,MaximumLinkUtilization,0.0173198,0.0173198,0,0,0.01% relative,PASS
V3-CaseA,aodv,50,medium,25,PacketsSent,26350,26350,0,0,exact (0),PASS
V3-CaseA,aodv,50,medium,25,PacketsReceived,6739,6739,0,0,exact (0),PASS
V3-CaseA,aodv,50,medium,25,PacketLoss,19611,19611,0,0,exact (0),PASS
V3-CaseA,aodv,50,medium,25,RoutingOverheadPackets,192251,192251,0,0,exact (0),PASS
V3-CaseA,aodv,50,medium,25,PathChanges,1536,1536,0,0,exact (0),PASS
V3-CaseA,aodv,50,medium,25,UnreachableSensors,0,0,0,0,exact (0),PASS
V3-CaseA,aodv,50,medium,25,PDR,25.575,25.575,0,0,0.01% relative,PASS
V3-CaseA,aodv,50,medium,25,ThroughputKbps,107.824,107.824,0,0,0.01% relative,PASS
V3-CaseA,aodv,50,medium,25,AverageDelaySec,0.23767,0.23767,0,0,0.01% relative,PASS
V3-CaseA,aodv,50,medium,25,AverageJitterSec,0.166755,0.166755,0,0,0.01% relative,PASS
V3-CaseA,aodv,50,medium,25,AverageHopCount,1.32349,1.32349,0,0,0.01% relative,PASS
V3-CaseA,aodv,50,medium,25,AverageLinkUtilization,0.00100897,0.00100897,0,0,0.01% relative,PASS
V3-CaseA,aodv,50,medium,25,MaximumLinkUtilization,0.022378,0.022378,0,0,0.01% relative,PASS
V3-CaseA,aodv,50,medium,30,PacketsSent,26350,26350,0,0,exact (0),PASS
V3-CaseA,aodv,50,medium,30,PacketsReceived,5566,5566,0,0,exact (0),PASS
V3-CaseA,aodv,50,medium,30,PacketLoss,20784,20784,0,0,exact (0),PASS
V3-CaseA,aodv,50,medium,30,RoutingOverheadPackets,238325,238325,0,0,exact (0),PASS
V3-CaseA,aodv,50,medium,30,PathChanges,1808,1808,0,0,exact (0),PASS
V3-CaseA,aodv,50,medium,30,UnreachableSensors,0,0,0,0,exact (0),PASS
V3-CaseA,aodv,50,medium,30,PDR,21.1233,21.1233,0,0,0.01% relative,PASS
V3-CaseA,aodv,50,medium,30,ThroughputKbps,89.056,89.056,0,0,0.01% relative,PASS
V3-CaseA,aodv,50,medium,30,AverageDelaySec,0.325673,0.325673,0,0,0.01% relative,PASS
V3-CaseA,aodv,50,medium,30,AverageJitterSec,0.224314,0.224314,0,0,0.01% relative,PASS
V3-CaseA,aodv,50,medium,30,AverageHopCount,1.50934,1.50934,0,0,0.01% relative,PASS
V3-CaseA,aodv,50,medium,30,AverageLinkUtilization,0.00117991,0.00117991,0,0,0.01% relative,PASS
V3-CaseA,aodv,50,medium,30,MaximumLinkUtilization,0.016841,0.016841,0,0,0.01% relative,PASS
V3-CaseA,aodv,100,medium,20,PacketsSent,52700,52700,0,0,exact (0),PASS
V3-CaseA,aodv,100,medium,20,PacketsReceived,658,658,0,0,exact (0),PASS
V3-CaseA,aodv,100,medium,20,PacketLoss,52042,52042,0,0,exact (0),PASS
V3-CaseA,aodv,100,medium,20,RoutingOverheadPackets,576167,576167,0,0,exact (0),PASS
V3-CaseA,aodv,100,medium,20,PathChanges,3896,3896,0,0,exact (0),PASS
V3-CaseA,aodv,100,medium,20,UnreachableSensors,0,0,0,0,exact (0),PASS
V3-CaseA,aodv,100,medium,20,PDR,1.24858,1.24858,0,0,0.01% relative,PASS
V3-CaseA,aodv,100,medium,20,ThroughputKbps,10.528,10.528,0,0,0.01% relative,PASS
V3-CaseA,aodv,100,medium,20,AverageDelaySec,0.481423,0.481423,0,0,0.01% relative,PASS
V3-CaseA,aodv,100,medium,20,AverageJitterSec,0.241595,0.241595,0,0,0.01% relative,PASS
V3-CaseA,aodv,100,medium,20,AverageHopCount,1.12462,1.12462,0,0,0.01% relative,PASS
V3-CaseA,aodv,100,medium,20,AverageLinkUtilization,0.000578351,0.000578351,0,0,0.01% relative,PASS
V3-CaseA,aodv,100,medium,20,MaximumLinkUtilization,0.00665077,0.00665077,0,0,0.01% relative,PASS
V3-CaseA,aodv,100,medium,25,PacketsSent,52700,52700,0,0,exact (0),PASS
V3-CaseA,aodv,100,medium,25,PacketsReceived,1105,1105,0,0,exact (0),PASS
V3-CaseA,aodv,100,medium,25,PacketLoss,51595,51595,0,0,exact (0),PASS
V3-CaseA,aodv,100,medium,25,RoutingOverheadPackets,551118,551118,0,0,exact (0),PASS
V3-CaseA,aodv,100,medium,25,PathChanges,3810,3810,0,0,exact (0),PASS
V3-CaseA,aodv,100,medium,25,UnreachableSensors,0,0,0,0,exact (0),PASS
V3-CaseA,aodv,100,medium,25,PDR,2.09677,2.09677,0,0,0.01% relative,PASS
V3-CaseA,aodv,100,medium,25,ThroughputKbps,17.68,17.68,0,0,0.01% relative,PASS
V3-CaseA,aodv,100,medium,25,AverageDelaySec,0.456626,0.456626,0,0,0.01% relative,PASS
V3-CaseA,aodv,100,medium,25,AverageJitterSec,0.244523,0.244523,0,0,0.01% relative,PASS
V3-CaseA,aodv,100,medium,25,AverageHopCount,1.12851,1.12851,0,0,0.01% relative,PASS
V3-CaseA,aodv,100,medium,25,AverageLinkUtilization,0.000510743,0.000510743,0,0,0.01% relative,PASS
V3-CaseA,aodv,100,medium,25,MaximumLinkUtilization,0.0107572,0.0107572,0,0,0.01% relative,PASS
V3-CaseA,aodv,100,medium,30,PacketsSent,52700,52700,0,0,exact (0),PASS
V3-CaseA,aodv,100,medium,30,PacketsReceived,684,684,0,0,exact (0),PASS
V3-CaseA,aodv,100,medium,30,PacketLoss,52016,52016,0,0,exact (0),PASS
V3-CaseA,aodv,100,medium,30,RoutingOverheadPackets,568204,568204,0,0,exact (0),PASS
V3-CaseA,aodv,100,medium,30,PathChanges,3910,3910,0,0,exact (0),PASS
V3-CaseA,aodv,100,medium,30,UnreachableSensors,0,0,0,0,exact (0),PASS
V3-CaseA,aodv,100,medium,30,PDR,1.29791,1.29791,0,0,0.01% relative,PASS
V3-CaseA,aodv,100,medium,30,ThroughputKbps,10.944,10.944,0,0,0.01% relative,PASS
V3-CaseA,aodv,100,medium,30,AverageDelaySec,0.447017,0.447017,0,0,0.01% relative,PASS
V3-CaseA,aodv,100,medium,30,AverageJitterSec,0.229431,0.229431,0,0,0.01% relative,PASS
V3-CaseA,aodv,100,medium,30,AverageHopCount,1.15497,1.15497,0,0,0.01% relative,PASS
V3-CaseA,aodv,100,medium,30,AverageLinkUtilization,0.000587968,0.000587968,0,0,0.01% relative,PASS
V3-CaseA,aodv,100,medium,30,MaximumLinkUtilization,0.00971232,0.00971232,0,0,0.01% relative,PASS
V3-CaseA,olsr,10,medium,20,PacketsSent,5270,5270,0,0,exact (0),PASS
V3-CaseA,olsr,10,medium,20,PacketsReceived,2901,2901,0,0,exact (0),PASS
V3-CaseA,olsr,10,medium,20,PacketLoss,2369,2369,0,0,exact (0),PASS
V3-CaseA,olsr,10,medium,20,RoutingOverheadPackets,0,0,0,0,exact (0),PASS
V3-CaseA,olsr,10,medium,20,PathChanges,0,0,0,0,exact (0),PASS
V3-CaseA,olsr,10,medium,20,UnreachableSensors,0,0,0,0,exact (0),PASS
V3-CaseA,olsr,10,medium,20,PDR,55.0474,55.0474,0,0,0.01% relative,PASS
V3-CaseA,olsr,10,medium,20,ThroughputKbps,46.416,46.416,0,0,0.01% relative,PASS
V3-CaseA,olsr,10,medium,20,AverageDelaySec,0.0446302,0.0446302,0,0,0.01% relative,PASS
V3-CaseA,olsr,10,medium,20,AverageJitterSec,0.0146606,0.0146606,0,0,0.01% relative,PASS
V3-CaseA,olsr,10,medium,20,AverageHopCount,1.47397,1.47397,0,0,0.01% relative,PASS
V3-CaseA,olsr,10,medium,20,AverageLinkUtilization,0.014105,0.014105,0,0,0.01% relative,PASS
V3-CaseA,olsr,10,medium,20,MaximumLinkUtilization,0.0649882,0.0649882,0,0,0.01% relative,PASS
V3-CaseA,olsr,10,medium,25,PacketsSent,5270,5270,0,0,exact (0),PASS
V3-CaseA,olsr,10,medium,25,PacketsReceived,2957,2957,0,0,exact (0),PASS
V3-CaseA,olsr,10,medium,25,PacketLoss,2313,2313,0,0,exact (0),PASS
V3-CaseA,olsr,10,medium,25,RoutingOverheadPackets,0,0,0,0,exact (0),PASS
V3-CaseA,olsr,10,medium,25,PathChanges,0,0,0,0,exact (0),PASS
V3-CaseA,olsr,10,medium,25,UnreachableSensors,0,0,0,0,exact (0),PASS
V3-CaseA,olsr,10,medium,25,PDR,56.1101,56.1101,0,0,0.01% relative,PASS
V3-CaseA,olsr,10,medium,25,ThroughputKbps,47.312,47.312,0,0,0.01% relative,PASS
V3-CaseA,olsr,10,medium,25,AverageDelaySec,0.0202243,0.0202243,0,0,0.01% relative,PASS
V3-CaseA,olsr,10,medium,25,AverageJitterSec,0.0076209,0.0076209,0,0,0.01% relative,PASS
V3-CaseA,olsr,10,medium,25,AverageHopCount,1.17822,1.17822,0,0,0.01% relative,PASS
V3-CaseA,olsr,10,medium,25,AverageLinkUtilization,0.00922325,0.00922325,0,0,0.01% relative,PASS
V3-CaseA,olsr,10,medium,25,MaximumLinkUtilization,0.0275251,0.0275251,0,0,0.01% relative,PASS
V3-CaseA,olsr,10,medium,30,PacketsSent,5270,5270,0,0,exact (0),PASS
V3-CaseA,olsr,10,medium,30,PacketsReceived,2634,2634,0,0,exact (0),PASS
V3-CaseA,olsr,10,medium,30,PacketLoss,2636,2636,0,0,exact (0),PASS
V3-CaseA,olsr,10,medium,30,RoutingOverheadPackets,0,0,0,0,exact (0),PASS
V3-CaseA,olsr,10,medium,30,PathChanges,0,0,0,0,exact (0),PASS
V3-CaseA,olsr,10,medium,30,UnreachableSensors,0,0,0,0,exact (0),PASS
V3-CaseA,olsr,10,medium,30,PDR,49.981,49.981,0,0,0.01% relative,PASS
V3-CaseA,olsr,10,medium,30,ThroughputKbps,42.144,42.144,0,0,0.01% relative,PASS
V3-CaseA,olsr,10,medium,30,AverageDelaySec,0.0244477,0.0244477,0,0,0.01% relative,PASS
V3-CaseA,olsr,10,medium,30,AverageJitterSec,0.00952631,0.00952631,0,0,0.01% relative,PASS
V3-CaseA,olsr,10,medium,30,AverageHopCount,1.1997,1.1997,0,0,0.01% relative,PASS
V3-CaseA,olsr,10,medium,30,AverageLinkUtilization,0.00929475,0.00929475,0,0,0.01% relative,PASS
V3-CaseA,olsr,10,medium,30,MaximumLinkUtilization,0.0281088,0.0281088,0,0,0.01% relative,PASS
V3-CaseA,olsr,50,medium,20,PacketsSent,26350,26350,0,0,exact (0),PASS
V3-CaseA,olsr,50,medium,20,PacketsReceived,8514,8514,0,0,exact (0),PASS
V3-CaseA,olsr,50,medium,20,PacketLoss,17836,17836,0,0,exact (0),PASS
V3-CaseA,olsr,50,medium,20,RoutingOverheadPackets,0,0,0,0,exact (0),PASS
V3-CaseA,olsr,50,medium,20,PathChanges,617,617,0,0,exact (0),PASS
V3-CaseA,olsr,50,medium,20,UnreachableSensors,0,0,0,0,exact (0),PASS
V3-CaseA,olsr,50,medium,20,PDR,32.3112,32.3112,0,0,0.01% relative,PASS
V3-CaseA,olsr,50,medium,20,ThroughputKbps,136.224,136.224,0,0,0.01% relative,PASS
V3-CaseA,olsr,50,medium,20,AverageDelaySec,0.137918,0.137918,0,0,0.01% relative,PASS
V3-CaseA,olsr,50,medium,20,AverageJitterSec,0.0691254,0.0691254,0,0,0.01% relative,PASS
V3-CaseA,olsr,50,medium,20,AverageHopCount,1.26039,1.26039,0,0,0.01% relative,PASS
V3-CaseA,olsr,50,medium,20,AverageLinkUtilization,0.0016566,0.0016566,0,0,0.01% relative,PASS
V3-CaseA,olsr,50,medium,20,MaximumLinkUtilization,0.0424243,0.0424243,0,0,0.01% relative,PASS
V3-CaseA,olsr,50,medium,25,PacketsSent,26350,26350,0,0,exact (0),PASS
V3-CaseA,olsr,50,medium,25,PacketsReceived,10000,10000,0,0,exact (0),PASS
V3-CaseA,olsr,50,medium,25,PacketLoss,16350,16350,0,0,exact (0),PASS
V3-CaseA,olsr,50,medium,25,RoutingOverheadPackets,0,0,0,0,exact (0),PASS
V3-CaseA,olsr,50,medium,25,PathChanges,500,500,0,0,exact (0),PASS
V3-CaseA,olsr,50,medium,25,UnreachableSensors,0,0,0,0,exact (0),PASS
V3-CaseA,olsr,50,medium,25,PDR,37.9507,37.9507,0,0,0.01% relative,PASS
V3-CaseA,olsr,50,medium,25,ThroughputKbps,160,160,0,0,0.01% relative,PASS
V3-CaseA,olsr,50,medium,25,AverageDelaySec,0.125625,0.125625,0,0,0.01% relative,PASS
V3-CaseA,olsr,50,medium,25,AverageJitterSec,0.0664131,0.0664131,0,0,0.01% relative,PASS
V3-CaseA,olsr,50,medium,25,AverageHopCount,1.1518,1.1518,0,0,0.01% relative,PASS
V3-CaseA,olsr,50,medium,25,AverageLinkUtilization,0.00150884,0.00150884,0,0,0.01% relative,PASS
V3-CaseA,olsr,50,medium,25,MaximumLinkUtilization,0.0349133,0.0349133,0,0,0.01% relative,PASS
V3-CaseA,olsr,50,medium,30,PacketsSent,26350,26350,0,0,exact (0),PASS
V3-CaseA,olsr,50,medium,30,PacketsReceived,13963,13963,0,0,exact (0),PASS
V3-CaseA,olsr,50,medium,30,PacketLoss,12387,12387,0,0,exact (0),PASS
V3-CaseA,olsr,50,medium,30,RoutingOverheadPackets,0,0,0,0,exact (0),PASS
V3-CaseA,olsr,50,medium,30,PathChanges,779,779,0,0,exact (0),PASS
V3-CaseA,olsr,50,medium,30,UnreachableSensors,0,0,0,0,exact (0),PASS
V3-CaseA,olsr,50,medium,30,PDR,52.9905,52.9905,0,0,0.01% relative,PASS
V3-CaseA,olsr,50,medium,30,ThroughputKbps,223.408,223.408,0,0,0.01% relative,PASS
V3-CaseA,olsr,50,medium,30,AverageDelaySec,0.160785,0.160785,0,0,0.01% relative,PASS
V3-CaseA,olsr,50,medium,30,AverageJitterSec,0.0775558,0.0775558,0,0,0.01% relative,PASS
V3-CaseA,olsr,50,medium,30,AverageHopCount,1.2705,1.2705,0,0,0.01% relative,PASS
V3-CaseA,olsr,50,medium,30,AverageLinkUtilization,0.00193115,0.00193115,0,0,0.01% relative,PASS
V3-CaseA,olsr,50,medium,30,MaximumLinkUtilization,0.0602112,0.0602112,0,0,0.01% relative,PASS
V3-CaseA,olsr,100,medium,20,PacketsSent,51601,51601,0,0,exact (0),PASS
V3-CaseA,olsr,100,medium,20,PacketsReceived,12645,12645,0,0,exact (0),PASS
V3-CaseA,olsr,100,medium,20,PacketLoss,38956,38956,0,0,exact (0),PASS
V3-CaseA,olsr,100,medium,20,RoutingOverheadPackets,0,0,0,0,exact (0),PASS
V3-CaseA,olsr,100,medium,20,PathChanges,3814,3814,0,0,exact (0),PASS
V3-CaseA,olsr,100,medium,20,UnreachableSensors,0,0,0,0,exact (0),PASS
V3-CaseA,olsr,100,medium,20,PDR,24.5053,24.5053,0,0,0.01% relative,PASS
V3-CaseA,olsr,100,medium,20,ThroughputKbps,202.32,202.32,0,0,0.01% relative,PASS
V3-CaseA,olsr,100,medium,20,AverageDelaySec,0.33169,0.33169,0,0,0.01% relative,PASS
V3-CaseA,olsr,100,medium,20,AverageJitterSec,0.173015,0.173015,0,0,0.01% relative,PASS
V3-CaseA,olsr,100,medium,20,AverageHopCount,1.5531,1.5531,0,0,0.01% relative,PASS
V3-CaseA,olsr,100,medium,20,AverageLinkUtilization,0.000589488,0.000589488,0,0,0.01% relative,PASS
V3-CaseA,olsr,100,medium,20,MaximumLinkUtilization,0.0261581,0.0261581,0,0,0.01% relative,PASS
V3-CaseA,olsr,100,medium,25,PacketsSent,52691,52691,0,0,exact (0),PASS
V3-CaseA,olsr,100,medium,25,PacketsReceived,17476,17476,0,0,exact (0),PASS
V3-CaseA,olsr,100,medium,25,PacketLoss,35215,35215,0,0,exact (0),PASS
V3-CaseA,olsr,100,medium,25,RoutingOverheadPackets,0,0,0,0,exact (0),PASS
V3-CaseA,olsr,100,medium,25,PathChanges,3068,3068,0,0,exact (0),PASS
V3-CaseA,olsr,100,medium,25,UnreachableSensors,0,0,0,0,exact (0),PASS
V3-CaseA,olsr,100,medium,25,PDR,33.167,33.167,0,0,0.01% relative,PASS
V3-CaseA,olsr,100,medium,25,ThroughputKbps,279.616,279.616,0,0,0.01% relative,PASS
V3-CaseA,olsr,100,medium,25,AverageDelaySec,0.295463,0.295463,0,0,0.01% relative,PASS
V3-CaseA,olsr,100,medium,25,AverageJitterSec,0.163244,0.163244,0,0,0.01% relative,PASS
V3-CaseA,olsr,100,medium,25,AverageHopCount,1.37308,1.37308,0,0,0.01% relative,PASS
V3-CaseA,olsr,100,medium,25,AverageLinkUtilization,0.000539881,0.000539881,0,0,0.01% relative,PASS
V3-CaseA,olsr,100,medium,25,MaximumLinkUtilization,0.0240691,0.0240691,0,0,0.01% relative,PASS
V3-CaseA,olsr,100,medium,30,PacketsSent,52554,52554,0,0,exact (0),PASS
V3-CaseA,olsr,100,medium,30,PacketsReceived,15870,15870,0,0,exact (0),PASS
V3-CaseA,olsr,100,medium,30,PacketLoss,36684,36684,0,0,exact (0),PASS
V3-CaseA,olsr,100,medium,30,RoutingOverheadPackets,0,0,0,0,exact (0),PASS
V3-CaseA,olsr,100,medium,30,PathChanges,3376,3376,0,0,exact (0),PASS
V3-CaseA,olsr,100,medium,30,UnreachableSensors,0,0,0,0,exact (0),PASS
V3-CaseA,olsr,100,medium,30,PDR,30.1975,30.1975,0,0,0.01% relative,PASS
V3-CaseA,olsr,100,medium,30,ThroughputKbps,253.92,253.92,0,0,0.01% relative,PASS
V3-CaseA,olsr,100,medium,30,AverageDelaySec,0.32494,0.32494,0,0,0.01% relative,PASS
V3-CaseA,olsr,100,medium,30,AverageJitterSec,0.172093,0.172093,0,0,0.01% relative,PASS
V3-CaseA,olsr,100,medium,30,AverageHopCount,1.47253,1.47253,0,0,0.01% relative,PASS
V3-CaseA,olsr,100,medium,30,AverageLinkUtilization,0.000579856,0.000579856,0,0,0.01% relative,PASS
V3-CaseA,olsr,100,medium,30,MaximumLinkUtilization,0.024407,0.024407,0,0,0.01% relative,PASS
V3-CaseA,static,10,medium,20,PacketsSent,5270,5270,0,0,exact (0),PASS
V3-CaseA,static,10,medium,20,PacketsReceived,1579,1579,0,0,exact (0),PASS
V3-CaseA,static,10,medium,20,PacketLoss,3691,3691,0,0,exact (0),PASS
V3-CaseA,static,10,medium,20,RoutingOverheadPackets,0,0,0,0,exact (0),PASS
V3-CaseA,static,10,medium,20,PathChanges,0,0,0,0,exact (0),PASS
V3-CaseA,static,10,medium,20,UnreachableSensors,8,8,0,0,exact (0),PASS
V3-CaseA,static,10,medium,20,PDR,29.962,29.962,0,0,0.01% relative,PASS
V3-CaseA,static,10,medium,20,ThroughputKbps,25.264,25.264,0,0,0.01% relative,PASS
V3-CaseA,static,10,medium,20,AverageDelaySec,0.0196766,0.0196766,0,0,0.01% relative,PASS
V3-CaseA,static,10,medium,20,AverageJitterSec,0.0105954,0.0105954,0,0,0.01% relative,PASS
V3-CaseA,static,10,medium,20,AverageHopCount,1.5,1.5,0,0,0.01% relative,PASS
V3-CaseA,static,10,medium,20,AverageLinkUtilization,0.00972146,0.00972146,0,0,0.01% relative,PASS
V3-CaseA,static,10,medium,20,MaximumLinkUtilization,0.0255437,0.0255437,0,0,0.01% relative,PASS
V3-CaseA,static,10,medium,25,PacketsSent,5270,5270,0,0,exact (0),PASS
V3-CaseA,static,10,medium,25,PacketsReceived,3261,3261,0,0,exact (0),PASS
V3-CaseA,static,10,medium,25,PacketLoss,2009,2009,0,0,exact (0),PASS
V3-CaseA,static,10,medium,25,RoutingOverheadPackets,0,0,0,0,exact (0),PASS
V3-CaseA,static,10,medium,25,PathChanges,0,0,0,0,exact (0),PASS
V3-CaseA,static,10,medium,25,UnreachableSensors,0,0,0,0,exact (0),PASS
V3-CaseA,static,10,medium,25,PDR,61.8786,61.8786,0,0,0.01% relative,PASS
V3-CaseA,static,10,medium,25,ThroughputKbps,52.176,52.176,0,0,0.01% relative,PASS
V3-CaseA,static,10,medium,25,AverageDelaySec,0.027339,0.027339,0,0,0.01% relative,PASS
V3-CaseA,static,10,medium,25,AverageJitterSec,0.0107485,0.0107485,0,0,0.01% relative,PASS
V3-CaseA,static,10,medium,25,AverageHopCount,1.5,1.5,0,0,0.01% relative,PASS
V3-CaseA,static,10,medium,25,AverageLinkUtilization,0.00948597,0.00948597,0,0,0.01% relative,PASS
V3-CaseA,static,10,medium,25,MaximumLinkUtilization,0.026665,0.026665,0,0,0.01% relative,PASS
V3-CaseA,static,10,medium,30,PacketsSent,5270,5270,0,0,exact (0),PASS
V3-CaseA,static,10,medium,30,PacketsReceived,2465,2465,0,0,exact (0),PASS
V3-CaseA,static,10,medium,30,PacketLoss,2805,2805,0,0,exact (0),PASS
V3-CaseA,static,10,medium,30,RoutingOverheadPackets,0,0,0,0,exact (0),PASS
V3-CaseA,static,10,medium,30,PathChanges,0,0,0,0,exact (0),PASS
V3-CaseA,static,10,medium,30,UnreachableSensors,3,3,0,0,exact (0),PASS
V3-CaseA,static,10,medium,30,PDR,46.7742,46.7742,0,0,0.01% relative,PASS
V3-CaseA,static,10,medium,30,ThroughputKbps,39.44,39.44,0,0,0.01% relative,PASS
V3-CaseA,static,10,medium,30,AverageDelaySec,0.0261671,0.0261671,0,0,0.01% relative,PASS
V3-CaseA,static,10,medium,30,AverageJitterSec,0.009738,0.009738,0,0,0.01% relative,PASS
V3-CaseA,static,10,medium,30,AverageHopCount,1.42857,1.42857,0,0,0.01% relative,PASS
V3-CaseA,static,10,medium,30,AverageLinkUtilization,0.00790845,0.00790845,0,0,0.01% relative,PASS
V3-CaseA,static,10,medium,30,MaximumLinkUtilization,0.0260045,0.0260045,0,0,0.01% relative,PASS
V3-CaseA,static,50,medium,20,PacketsSent,26350,26350,0,0,exact (0),PASS
V3-CaseA,static,50,medium,20,PacketsReceived,8819,8819,0,0,exact (0),PASS
V3-CaseA,static,50,medium,20,PacketLoss,17531,17531,0,0,exact (0),PASS
V3-CaseA,static,50,medium,20,RoutingOverheadPackets,0,0,0,0,exact (0),PASS
V3-CaseA,static,50,medium,20,PathChanges,0,0,0,0,exact (0),PASS
V3-CaseA,static,50,medium,20,UnreachableSensors,0,0,0,0,exact (0),PASS
V3-CaseA,static,50,medium,20,PDR,33.4687,33.4687,0,0,0.01% relative,PASS
V3-CaseA,static,50,medium,20,ThroughputKbps,141.104,141.104,0,0,0.01% relative,PASS
V3-CaseA,static,50,medium,20,AverageDelaySec,0.0890891,0.0890891,0,0,0.01% relative,PASS
V3-CaseA,static,50,medium,20,AverageJitterSec,0.0392766,0.0392766,0,0,0.01% relative,PASS
V3-CaseA,static,50,medium,20,AverageHopCount,1.62,1.62,0,0,0.01% relative,PASS
V3-CaseA,static,50,medium,20,AverageLinkUtilization,0.00726209,0.00726209,0,0,0.01% relative,PASS
V3-CaseA,static,50,medium,20,MaximumLinkUtilization,0.0486144,0.0486144,0,0,0.01% relative,PASS
V3-CaseA,static,50,medium,25,PacketsSent,26350,26350,0,0,exact (0),PASS
V3-CaseA,static,50,medium,25,PacketsReceived,8457,8457,0,0,exact (0),PASS
V3-CaseA,static,50,medium,25,PacketLoss,17893,17893,0,0,exact (0),PASS
V3-CaseA,static,50,medium,25,RoutingOverheadPackets,0,0,0,0,exact (0),PASS
V3-CaseA,static,50,medium,25,PathChanges,0,0,0,0,exact (0),PASS
V3-CaseA,static,50,medium,25,UnreachableSensors,0,0,0,0,exact (0),PASS
V3-CaseA,static,50,medium,25,PDR,32.0949,32.0949,0,0,0.01% relative,PASS
V3-CaseA,static,50,medium,25,ThroughputKbps,135.312,135.312,0,0,0.01% relative,PASS
V3-CaseA,static,50,medium,25,AverageDelaySec,0.0830287,0.0830287,0,0,0.01% relative,PASS
V3-CaseA,static,50,medium,25,AverageJitterSec,0.0374363,0.0374363,0,0,0.01% relative,PASS
V3-CaseA,static,50,medium,25,AverageHopCount,1.5,1.5,0,0,0.01% relative,PASS
V3-CaseA,static,50,medium,25,AverageLinkUtilization,0.00676882,0.00676882,0,0,0.01% relative,PASS
V3-CaseA,static,50,medium,25,MaximumLinkUtilization,0.029783,0.029783,0,0,0.01% relative,PASS
V3-CaseA,static,50,medium,30,PacketsSent,26350,26350,0,0,exact (0),PASS
V3-CaseA,static,50,medium,30,PacketsReceived,9876,9876,0,0,exact (0),PASS
V3-CaseA,static,50,medium,30,PacketLoss,16474,16474,0,0,exact (0),PASS
V3-CaseA,static,50,medium,30,RoutingOverheadPackets,0,0,0,0,exact (0),PASS
V3-CaseA,static,50,medium,30,PathChanges,0,0,0,0,exact (0),PASS
V3-CaseA,static,50,medium,30,UnreachableSensors,0,0,0,0,exact (0),PASS
V3-CaseA,static,50,medium,30,PDR,37.4801,37.4801,0,0,0.01% relative,PASS
V3-CaseA,static,50,medium,30,ThroughputKbps,158.016,158.016,0,0,0.01% relative,PASS
V3-CaseA,static,50,medium,30,AverageDelaySec,0.0961321,0.0961321,0,0,0.01% relative,PASS
V3-CaseA,static,50,medium,30,AverageJitterSec,0.0433577,0.0433577,0,0,0.01% relative,PASS
V3-CaseA,static,50,medium,30,AverageHopCount,1.64,1.64,0,0,0.01% relative,PASS
V3-CaseA,static,50,medium,30,AverageLinkUtilization,0.00793484,0.00793484,0,0,0.01% relative,PASS
V3-CaseA,static,50,medium,30,MaximumLinkUtilization,0.0459725,0.0459725,0,0,0.01% relative,PASS
V3-CaseA,static,100,medium,20,PacketsSent,52700,52700,0,0,exact (0),PASS
V3-CaseA,static,100,medium,20,PacketsReceived,12711,12711,0,0,exact (0),PASS
V3-CaseA,static,100,medium,20,PacketLoss,39989,39989,0,0,exact (0),PASS
V3-CaseA,static,100,medium,20,RoutingOverheadPackets,0,0,0,0,exact (0),PASS
V3-CaseA,static,100,medium,20,PathChanges,0,0,0,0,exact (0),PASS
V3-CaseA,static,100,medium,20,UnreachableSensors,0,0,0,0,exact (0),PASS
V3-CaseA,static,100,medium,20,PDR,24.1195,24.1195,0,0,0.01% relative,PASS
V3-CaseA,static,100,medium,20,ThroughputKbps,203.376,203.376,0,0,0.01% relative,PASS
V3-CaseA,static,100,medium,20,AverageDelaySec,0.139305,0.139305,0,0,0.01% relative,PASS
V3-CaseA,static,100,medium,20,AverageJitterSec,0.0545139,0.0545139,0,0,0.01% relative,PASS
V3-CaseA,static,100,medium,20,AverageHopCount,1.67,1.67,0,0,0.01% relative,PASS
V3-CaseA,static,100,medium,20,AverageLinkUtilization,0.0073999,0.0073999,0,0,0.01% relative,PASS
V3-CaseA,static,100,medium,20,MaximumLinkUtilization,0.0559104,0.0559104,0,0,0.01% relative,PASS
V3-CaseA,static,100,medium,25,PacketsSent,52700,52700,0,0,exact (0),PASS
V3-CaseA,static,100,medium,25,PacketsReceived,18915,18915,0,0,exact (0),PASS
V3-CaseA,static,100,medium,25,PacketLoss,33785,33785,0,0,exact (0),PASS
V3-CaseA,static,100,medium,25,RoutingOverheadPackets,0,0,0,0,exact (0),PASS
V3-CaseA,static,100,medium,25,PathChanges,0,0,0,0,exact (0),PASS
V3-CaseA,static,100,medium,25,UnreachableSensors,0,0,0,0,exact (0),PASS
V3-CaseA,static,100,medium,25,PDR,35.8918,35.8918,0,0,0.01% relative,PASS
V3-CaseA,static,100,medium,25,ThroughputKbps,302.64,302.64,0,0,0.01% relative,PASS
V3-CaseA,static,100,medium,25,AverageDelaySec,0.210074,0.210074,0,0,0.01% relative,PASS
V3-CaseA,static,100,medium,25,AverageJitterSec,0.0851042,0.0851042,0,0,0.01% relative,PASS
V3-CaseA,static,100,medium,25,AverageHopCount,1.51,1.51,0,0,0.01% relative,PASS
V3-CaseA,static,100,medium,25,AverageLinkUtilization,0.00708343,0.00708343,0,0,0.01% relative,PASS
V3-CaseA,static,100,medium,25,MaximumLinkUtilization,0.0777062,0.0777062,0,0,0.01% relative,PASS
V3-CaseA,static,100,medium,30,PacketsSent,52700,52700,0,0,exact (0),PASS
V3-CaseA,static,100,medium,30,PacketsReceived,12893,12893,0,0,exact (0),PASS
V3-CaseA,static,100,medium,30,PacketLoss,39807,39807,0,0,exact (0),PASS
V3-CaseA,static,100,medium,30,RoutingOverheadPackets,0,0,0,0,exact (0),PASS
V3-CaseA,static,100,medium,30,PathChanges,0,0,0,0,exact (0),PASS
V3-CaseA,static,100,medium,30,UnreachableSensors,0,0,0,0,exact (0),PASS
V3-CaseA,static,100,medium,30,PDR,24.4649,24.4649,0,0,0.01% relative,PASS
V3-CaseA,static,100,medium,30,ThroughputKbps,206.288,206.288,0,0,0.01% relative,PASS
V3-CaseA,static,100,medium,30,AverageDelaySec,0.163971,0.163971,0,0,0.01% relative,PASS
V3-CaseA,static,100,medium,30,AverageJitterSec,0.0697228,0.0697228,0,0,0.01% relative,PASS
V3-CaseA,static,100,medium,30,AverageHopCount,1.58,1.58,0,0,0.01% relative,PASS
V3-CaseA,static,100,medium,30,AverageLinkUtilization,0.00649253,0.00649253,0,0,0.01% relative,PASS
V3-CaseA,static,100,medium,30,MaximumLinkUtilization,0.037079,0.037079,0,0,0.01% relative,PASS
§10-CaseB,olsr,75,high,20,txPkts,78876,78876,0,0,exact (0),PASS
§10-CaseB,olsr,75,high,20,rxPkts,19028,19028,0,0,exact (0),PASS
§10-CaseB,olsr,75,high,20,total_phy_rx_drops,1.38057e+07,1.38057e+07,0,0,exact (0),PASS
§10-CaseB,olsr,75,high,20,total_mac_queue_drops,29112,29112,0,0,exact (0),PASS
§10-CaseB,olsr,75,high,20,total_ip_drop_no_route,0,0,0,0,exact (0),PASS
§10-CaseB,olsr,75,high,20,total_ip_drop_route_error,0,0,0,0,exact (0),PASS
§10-CaseB,olsr,75,high,20,unreachableSensors,0,0,0,0,exact (0),PASS
§10-CaseB,olsr,75,high,20,pdr,24.1239,24.1239,0,0,0.01% relative,PASS
§10-CaseB,olsr,75,high,20,throughputKbps,304.448,304.448,0,0,0.01% relative,PASS
§10-CaseB,olsr,75,high,20,avgDelaySec,0.294376,0.294376,0,0,0.01% relative,PASS
§10-CaseB,olsr,75,high,20,avgJitterSec,0.130285,0.130285,0,0,0.01% relative,PASS
§10-CaseB,olsr,75,high,20,gw_airtime_busy_frac,0.860889,0.860889,0,0,0.01% relative,PASS
§10-CaseB,olsr,75,high,20,ring1_airtime_busy_frac_mean,0.852169,0.852169,0,0,0.01% relative,PASS
§10-CaseB,olsr,75,high,20,total_max_retry_drops,N/A (not instrumented in original §10 dataset),2877,n/a,n/a,n/a,NOT_APPLICABLE
§10-CaseB,olsr,75,high,25,txPkts,78667,78667,0,0,exact (0),PASS
§10-CaseB,olsr,75,high,25,rxPkts,22092,22092,0,0,exact (0),PASS
§10-CaseB,olsr,75,high,25,total_phy_rx_drops,1.23785e+07,1.23785e+07,0,0,exact (0),PASS
§10-CaseB,olsr,75,high,25,total_mac_queue_drops,33355,33355,0,0,exact (0),PASS
§10-CaseB,olsr,75,high,25,total_ip_drop_no_route,67,67,0,0,exact (0),PASS
§10-CaseB,olsr,75,high,25,total_ip_drop_route_error,0,0,0,0,exact (0),PASS
§10-CaseB,olsr,75,high,25,unreachableSensors,0,0,0,0,exact (0),PASS
§10-CaseB,olsr,75,high,25,pdr,28.0829,28.0829,0,0,0.01% relative,PASS
§10-CaseB,olsr,75,high,25,throughputKbps,353.472,353.472,0,0,0.01% relative,PASS
§10-CaseB,olsr,75,high,25,avgDelaySec,0.308365,0.308365,0,0,0.01% relative,PASS
§10-CaseB,olsr,75,high,25,avgJitterSec,0.15129,0.15129,0,0,0.01% relative,PASS
§10-CaseB,olsr,75,high,25,gw_airtime_busy_frac,0.883629,0.883629,0,0,0.01% relative,PASS
§10-CaseB,olsr,75,high,25,ring1_airtime_busy_frac_mean,0.878785,0.878785,0,0,0.01% relative,PASS
§10-CaseB,olsr,75,high,25,total_max_retry_drops,N/A (not instrumented in original §10 dataset),2222,n/a,n/a,n/a,NOT_APPLICABLE
§10-CaseB,olsr,75,high,30,txPkts,77948,77948,0,0,exact (0),PASS
§10-CaseB,olsr,75,high,30,rxPkts,20752,20752,0,0,exact (0),PASS
§10-CaseB,olsr,75,high,30,total_phy_rx_drops,1.36666e+07,1.36666e+07,0,0,exact (0),PASS
§10-CaseB,olsr,75,high,30,total_mac_queue_drops,26774,26774,0,0,exact (0),PASS
§10-CaseB,olsr,75,high,30,total_ip_drop_no_route,217,217,0,0,exact (0),PASS
§10-CaseB,olsr,75,high,30,total_ip_drop_route_error,0,0,0,0,exact (0),PASS
§10-CaseB,olsr,75,high,30,unreachableSensors,0,0,0,0,exact (0),PASS
§10-CaseB,olsr,75,high,30,pdr,26.6229,26.6229,0,0,0.01% relative,PASS
§10-CaseB,olsr,75,high,30,throughputKbps,332.032,332.032,0,0,0.01% relative,PASS
§10-CaseB,olsr,75,high,30,avgDelaySec,0.298395,0.298395,0,0,0.01% relative,PASS
§10-CaseB,olsr,75,high,30,avgJitterSec,0.137832,0.137832,0,0,0.01% relative,PASS
§10-CaseB,olsr,75,high,30,gw_airtime_busy_frac,0.865664,0.865664,0,0,0.01% relative,PASS
§10-CaseB,olsr,75,high,30,ring1_airtime_busy_frac_mean,0.858239,0.858239,0,0,0.01% relative,PASS
§10-CaseB,olsr,75,high,30,total_max_retry_drops,N/A (not instrumented in original §10 dataset),2289,n/a,n/a,n/a,NOT_APPLICABLE
§10-CaseB,olsr,100,high,20,txPkts,95701,95701,0,0,exact (0),PASS
§10-CaseB,olsr,100,high,20,rxPkts,12188,12188,0,0,exact (0),PASS
§10-CaseB,olsr,100,high,20,total_phy_rx_drops,1.98965e+07,1.98965e+07,0,0,exact (0),PASS
§10-CaseB,olsr,100,high,20,total_mac_queue_drops,47214,47214,0,0,exact (0),PASS
§10-CaseB,olsr,100,high,20,total_ip_drop_no_route,2805,2805,0,0,exact (0),PASS
§10-CaseB,olsr,100,high,20,total_ip_drop_route_error,0,0,0,0,exact (0),PASS
§10-CaseB,olsr,100,high,20,unreachableSensors,0,0,0,0,exact (0),PASS
§10-CaseB,olsr,100,high,20,pdr,12.7355,12.7355,0,0,0.01% relative,PASS
§10-CaseB,olsr,100,high,20,throughputKbps,195.008,195.008,0,0,0.01% relative,PASS
§10-CaseB,olsr,100,high,20,avgDelaySec,0.362064,0.362064,0,0,0.01% relative,PASS
§10-CaseB,olsr,100,high,20,avgJitterSec,0.15474,0.15474,0,0,0.01% relative,PASS
§10-CaseB,olsr,100,high,20,gw_airtime_busy_frac,0.881684,0.881684,0,0,0.01% relative,PASS
§10-CaseB,olsr,100,high,20,ring1_airtime_busy_frac_mean,0.867332,0.867332,0,0,0.01% relative,PASS
§10-CaseB,olsr,100,high,20,total_max_retry_drops,N/A (not instrumented in original §10 dataset),1436,n/a,n/a,n/a,NOT_APPLICABLE
§10-CaseB,olsr,100,high,25,txPkts,100584,100584,0,0,exact (0),PASS
§10-CaseB,olsr,100,high,25,rxPkts,16215,16215,0,0,exact (0),PASS
§10-CaseB,olsr,100,high,25,total_phy_rx_drops,1.84645e+07,1.84645e+07,0,0,exact (0),PASS
§10-CaseB,olsr,100,high,25,total_mac_queue_drops,46255,46255,0,0,exact (0),PASS
§10-CaseB,olsr,100,high,25,total_ip_drop_no_route,1723,1723,0,0,exact (0),PASS
§10-CaseB,olsr,100,high,25,total_ip_drop_route_error,0,0,0,0,exact (0),PASS
§10-CaseB,olsr,100,high,25,unreachableSensors,0,0,0,0,exact (0),PASS
§10-CaseB,olsr,100,high,25,pdr,16.1209,16.1209,0,0,0.01% relative,PASS
§10-CaseB,olsr,100,high,25,throughputKbps,259.44,259.44,0,0,0.01% relative,PASS
§10-CaseB,olsr,100,high,25,avgDelaySec,0.35814,0.35814,0,0,0.01% relative,PASS
§10-CaseB,olsr,100,high,25,avgJitterSec,0.175838,0.175838,0,0,0.01% relative,PASS
§10-CaseB,olsr,100,high,25,gw_airtime_busy_frac,0.898382,0.898382,0,0,0.01% relative,PASS
§10-CaseB,olsr,100,high,25,ring1_airtime_busy_frac_mean,0.890478,0.890478,0,0,0.01% relative,PASS
§10-CaseB,olsr,100,high,25,total_max_retry_drops,N/A (not instrumented in original §10 dataset),1791,n/a,n/a,n/a,NOT_APPLICABLE
§10-CaseB,olsr,100,high,30,txPkts,100657,100657,0,0,exact (0),PASS
§10-CaseB,olsr,100,high,30,rxPkts,14835,14835,0,0,exact (0),PASS
§10-CaseB,olsr,100,high,30,total_phy_rx_drops,2.02446e+07,2.02446e+07,0,0,exact (0),PASS
§10-CaseB,olsr,100,high,30,total_mac_queue_drops,40859,40859,0,0,exact (0),PASS
§10-CaseB,olsr,100,high,30,total_ip_drop_no_route,820,820,0,0,exact (0),PASS
§10-CaseB,olsr,100,high,30,total_ip_drop_route_error,0,0,0,0,exact (0),PASS
§10-CaseB,olsr,100,high,30,unreachableSensors,0,0,0,0,exact (0),PASS
§10-CaseB,olsr,100,high,30,pdr,14.7382,14.7382,0,0,0.01% relative,PASS
§10-CaseB,olsr,100,high,30,throughputKbps,237.36,237.36,0,0,0.01% relative,PASS
§10-CaseB,olsr,100,high,30,avgDelaySec,0.36992,0.36992,0,0,0.01% relative,PASS
§10-CaseB,olsr,100,high,30,avgJitterSec,0.167501,0.167501,0,0,0.01% relative,PASS
§10-CaseB,olsr,100,high,30,gw_airtime_busy_frac,0.888663,0.888663,0,0,0.01% relative,PASS
§10-CaseB,olsr,100,high,30,ring1_airtime_busy_frac_mean,0.880385,0.880385,0,0,0.01% relative,PASS
§10-CaseB,olsr,100,high,30,total_max_retry_drops,N/A (not instrumented in original §10 dataset),2045,n/a,n/a,n/a,NOT_APPLICABLE
RateSweep-CaseC,olsr,75,16kbps,20,txPkts,78876,78876,0,0,exact (0),PASS
RateSweep-CaseC,olsr,75,16kbps,20,rxPkts,19028,19028,0,0,exact (0),PASS
RateSweep-CaseC,olsr,75,16kbps,20,total_phy_rx_drops,1.38057e+07,1.38057e+07,0,0,exact (0),PASS
RateSweep-CaseC,olsr,75,16kbps,20,total_mac_queue_drops,29112,29112,0,0,exact (0),PASS
RateSweep-CaseC,olsr,75,16kbps,20,total_ip_drop_no_route,0,0,0,0,exact (0),PASS
RateSweep-CaseC,olsr,75,16kbps,20,total_ip_drop_route_error,0,0,0,0,exact (0),PASS
RateSweep-CaseC,olsr,75,16kbps,20,unreachableSensors,0,0,0,0,exact (0),PASS
RateSweep-CaseC,olsr,75,16kbps,20,total_max_retry_drops,2877,2877,0,0,exact (0),PASS
RateSweep-CaseC,olsr,75,16kbps,20,pdr,24.1239,24.1239,0,0,0.01% relative,PASS
RateSweep-CaseC,olsr,75,16kbps,20,throughputKbps,304.448,304.448,0,0,0.01% relative,PASS
RateSweep-CaseC,olsr,75,16kbps,20,avgDelaySec,0.294376,0.294376,0,0,0.01% relative,PASS
RateSweep-CaseC,olsr,75,16kbps,20,avgJitterSec,0.130285,0.130285,0,0,0.01% relative,PASS
RateSweep-CaseC,olsr,75,16kbps,20,gw_airtime_busy_frac,0.860889,0.860889,0,0,0.01% relative,PASS
RateSweep-CaseC,olsr,75,16kbps,20,ring1_airtime_busy_frac_mean,0.852169,0.852169,0,0,0.01% relative,PASS
RateSweep-CaseC,olsr,75,16kbps,25,txPkts,78667,78667,0,0,exact (0),PASS
RateSweep-CaseC,olsr,75,16kbps,25,rxPkts,22092,22092,0,0,exact (0),PASS
RateSweep-CaseC,olsr,75,16kbps,25,total_phy_rx_drops,1.23785e+07,1.23785e+07,0,0,exact (0),PASS
RateSweep-CaseC,olsr,75,16kbps,25,total_mac_queue_drops,33355,33355,0,0,exact (0),PASS
RateSweep-CaseC,olsr,75,16kbps,25,total_ip_drop_no_route,67,67,0,0,exact (0),PASS
RateSweep-CaseC,olsr,75,16kbps,25,total_ip_drop_route_error,0,0,0,0,exact (0),PASS
RateSweep-CaseC,olsr,75,16kbps,25,unreachableSensors,0,0,0,0,exact (0),PASS
RateSweep-CaseC,olsr,75,16kbps,25,total_max_retry_drops,2222,2222,0,0,exact (0),PASS
RateSweep-CaseC,olsr,75,16kbps,25,pdr,28.0829,28.0829,0,0,0.01% relative,PASS
RateSweep-CaseC,olsr,75,16kbps,25,throughputKbps,353.472,353.472,0,0,0.01% relative,PASS
RateSweep-CaseC,olsr,75,16kbps,25,avgDelaySec,0.308365,0.308365,0,0,0.01% relative,PASS
RateSweep-CaseC,olsr,75,16kbps,25,avgJitterSec,0.15129,0.15129,0,0,0.01% relative,PASS
RateSweep-CaseC,olsr,75,16kbps,25,gw_airtime_busy_frac,0.883629,0.883629,0,0,0.01% relative,PASS
RateSweep-CaseC,olsr,75,16kbps,25,ring1_airtime_busy_frac_mean,0.878785,0.878785,0,0,0.01% relative,PASS
RateSweep-CaseC,olsr,75,16kbps,30,txPkts,77948,77948,0,0,exact (0),PASS
RateSweep-CaseC,olsr,75,16kbps,30,rxPkts,20752,20752,0,0,exact (0),PASS
RateSweep-CaseC,olsr,75,16kbps,30,total_phy_rx_drops,1.36666e+07,1.36666e+07,0,0,exact (0),PASS
RateSweep-CaseC,olsr,75,16kbps,30,total_mac_queue_drops,26774,26774,0,0,exact (0),PASS
RateSweep-CaseC,olsr,75,16kbps,30,total_ip_drop_no_route,217,217,0,0,exact (0),PASS
RateSweep-CaseC,olsr,75,16kbps,30,total_ip_drop_route_error,0,0,0,0,exact (0),PASS
RateSweep-CaseC,olsr,75,16kbps,30,unreachableSensors,0,0,0,0,exact (0),PASS
RateSweep-CaseC,olsr,75,16kbps,30,total_max_retry_drops,2289,2289,0,0,exact (0),PASS
RateSweep-CaseC,olsr,75,16kbps,30,pdr,26.6229,26.6229,0,0,0.01% relative,PASS
RateSweep-CaseC,olsr,75,16kbps,30,throughputKbps,332.032,332.032,0,0,0.01% relative,PASS
RateSweep-CaseC,olsr,75,16kbps,30,avgDelaySec,0.298395,0.298395,0,0,0.01% relative,PASS
RateSweep-CaseC,olsr,75,16kbps,30,avgJitterSec,0.137832,0.137832,0,0,0.01% relative,PASS
RateSweep-CaseC,olsr,75,16kbps,30,gw_airtime_busy_frac,0.865664,0.865664,0,0,0.01% relative,PASS
RateSweep-CaseC,olsr,75,16kbps,30,ring1_airtime_busy_frac_mean,0.858239,0.858239,0,0,0.01% relative,PASS
RateSweep-CaseC,olsr,100,16kbps,20,txPkts,95701,95701,0,0,exact (0),PASS
RateSweep-CaseC,olsr,100,16kbps,20,rxPkts,12188,12188,0,0,exact (0),PASS
RateSweep-CaseC,olsr,100,16kbps,20,total_phy_rx_drops,1.98965e+07,1.98965e+07,0,0,exact (0),PASS
RateSweep-CaseC,olsr,100,16kbps,20,total_mac_queue_drops,47214,47214,0,0,exact (0),PASS
RateSweep-CaseC,olsr,100,16kbps,20,total_ip_drop_no_route,2805,2805,0,0,exact (0),PASS
RateSweep-CaseC,olsr,100,16kbps,20,total_ip_drop_route_error,0,0,0,0,exact (0),PASS
RateSweep-CaseC,olsr,100,16kbps,20,unreachableSensors,0,0,0,0,exact (0),PASS
RateSweep-CaseC,olsr,100,16kbps,20,total_max_retry_drops,1436,1436,0,0,exact (0),PASS
RateSweep-CaseC,olsr,100,16kbps,20,pdr,12.7355,12.7355,0,0,0.01% relative,PASS
RateSweep-CaseC,olsr,100,16kbps,20,throughputKbps,195.008,195.008,0,0,0.01% relative,PASS
RateSweep-CaseC,olsr,100,16kbps,20,avgDelaySec,0.362064,0.362064,0,0,0.01% relative,PASS
RateSweep-CaseC,olsr,100,16kbps,20,avgJitterSec,0.15474,0.15474,0,0,0.01% relative,PASS
RateSweep-CaseC,olsr,100,16kbps,20,gw_airtime_busy_frac,0.881684,0.881684,0,0,0.01% relative,PASS
RateSweep-CaseC,olsr,100,16kbps,20,ring1_airtime_busy_frac_mean,0.867332,0.867332,0,0,0.01% relative,PASS
RateSweep-CaseC,olsr,100,16kbps,25,txPkts,100584,100584,0,0,exact (0),PASS
RateSweep-CaseC,olsr,100,16kbps,25,rxPkts,16215,16215,0,0,exact (0),PASS
RateSweep-CaseC,olsr,100,16kbps,25,total_phy_rx_drops,1.84645e+07,1.84645e+07,0,0,exact (0),PASS
RateSweep-CaseC,olsr,100,16kbps,25,total_mac_queue_drops,46255,46255,0,0,exact (0),PASS
RateSweep-CaseC,olsr,100,16kbps,25,total_ip_drop_no_route,1723,1723,0,0,exact (0),PASS
RateSweep-CaseC,olsr,100,16kbps,25,total_ip_drop_route_error,0,0,0,0,exact (0),PASS
RateSweep-CaseC,olsr,100,16kbps,25,unreachableSensors,0,0,0,0,exact (0),PASS
RateSweep-CaseC,olsr,100,16kbps,25,total_max_retry_drops,1791,1791,0,0,exact (0),PASS
RateSweep-CaseC,olsr,100,16kbps,25,pdr,16.1209,16.1209,0,0,0.01% relative,PASS
RateSweep-CaseC,olsr,100,16kbps,25,throughputKbps,259.44,259.44,0,0,0.01% relative,PASS
RateSweep-CaseC,olsr,100,16kbps,25,avgDelaySec,0.35814,0.35814,0,0,0.01% relative,PASS
RateSweep-CaseC,olsr,100,16kbps,25,avgJitterSec,0.175838,0.175838,0,0,0.01% relative,PASS
RateSweep-CaseC,olsr,100,16kbps,25,gw_airtime_busy_frac,0.898382,0.898382,0,0,0.01% relative,PASS
RateSweep-CaseC,olsr,100,16kbps,25,ring1_airtime_busy_frac_mean,0.890478,0.890478,0,0,0.01% relative,PASS
RateSweep-CaseC,olsr,100,16kbps,30,txPkts,100657,100657,0,0,exact (0),PASS
RateSweep-CaseC,olsr,100,16kbps,30,rxPkts,14835,14835,0,0,exact (0),PASS
RateSweep-CaseC,olsr,100,16kbps,30,total_phy_rx_drops,2.02446e+07,2.02446e+07,0,0,exact (0),PASS
RateSweep-CaseC,olsr,100,16kbps,30,total_mac_queue_drops,40859,40859,0,0,exact (0),PASS
RateSweep-CaseC,olsr,100,16kbps,30,total_ip_drop_no_route,820,820,0,0,exact (0),PASS
RateSweep-CaseC,olsr,100,16kbps,30,total_ip_drop_route_error,0,0,0,0,exact (0),PASS
RateSweep-CaseC,olsr,100,16kbps,30,unreachableSensors,0,0,0,0,exact (0),PASS
RateSweep-CaseC,olsr,100,16kbps,30,total_max_retry_drops,2045,2045,0,0,exact (0),PASS
RateSweep-CaseC,olsr,100,16kbps,30,pdr,14.7382,14.7382,0,0,0.01% relative,PASS
RateSweep-CaseC,olsr,100,16kbps,30,throughputKbps,237.36,237.36,0,0,0.01% relative,PASS
RateSweep-CaseC,olsr,100,16kbps,30,avgDelaySec,0.36992,0.36992,0,0,0.01% relative,PASS
RateSweep-CaseC,olsr,100,16kbps,30,avgJitterSec,0.167501,0.167501,0,0,0.01% relative,PASS
RateSweep-CaseC,olsr,100,16kbps,30,gw_airtime_busy_frac,0.888663,0.888663,0,0,0.01% relative,PASS
RateSweep-CaseC,olsr,100,16kbps,30,ring1_airtime_busy_frac_mean,0.880385,0.880385,0,0,0.01% relative,PASS
RateSweep-CaseC,olsr,75,4kbps,20,txPkts,19725,19725,0,0,exact (0),PASS
RateSweep-CaseC,olsr,75,4kbps,20,rxPkts,8595,8595,0,0,exact (0),PASS
RateSweep-CaseC,olsr,75,4kbps,20,total_phy_rx_drops,4.83058e+06,4.83058e+06,0,0,exact (0),PASS
RateSweep-CaseC,olsr,75,4kbps,20,total_mac_queue_drops,345,345,0,0,exact (0),PASS
RateSweep-CaseC,olsr,75,4kbps,20,total_ip_drop_no_route,0,0,0,0,exact (0),PASS
RateSweep-CaseC,olsr,75,4kbps,20,total_ip_drop_route_error,0,0,0,0,exact (0),PASS
RateSweep-CaseC,olsr,75,4kbps,20,unreachableSensors,0,0,0,0,exact (0),PASS
RateSweep-CaseC,olsr,75,4kbps,20,total_max_retry_drops,2191,2191,0,0,exact (0),PASS
RateSweep-CaseC,olsr,75,4kbps,20,pdr,43.5741,43.5741,0,0,0.01% relative,PASS
RateSweep-CaseC,olsr,75,4kbps,20,throughputKbps,137.52,137.52,0,0,0.01% relative,PASS
RateSweep-CaseC,olsr,75,4kbps,20,avgDelaySec,0.275639,0.275639,0,0,0.01% relative,PASS
RateSweep-CaseC,olsr,75,4kbps,20,avgJitterSec,0.156546,0.156546,0,0,0.01% relative,PASS
RateSweep-CaseC,olsr,75,4kbps,20,gw_airtime_busy_frac,0.383429,0.383429,0,0,0.01% relative,PASS
RateSweep-CaseC,olsr,75,4kbps,20,ring1_airtime_busy_frac_mean,0.354015,0.354015,0,0,0.01% relative,PASS
RateSweep-CaseC,olsr,75,4kbps,25,txPkts,19725,19725,0,0,exact (0),PASS
RateSweep-CaseC,olsr,75,4kbps,25,rxPkts,7972,7972,0,0,exact (0),PASS
RateSweep-CaseC,olsr,75,4kbps,25,total_phy_rx_drops,3.86801e+06,3.86801e+06,0,0,exact (0),PASS
RateSweep-CaseC,olsr,75,4kbps,25,total_mac_queue_drops,30,30,0,0,exact (0),PASS
RateSweep-CaseC,olsr,75,4kbps,25,total_ip_drop_no_route,0,0,0,0,exact (0),PASS
RateSweep-CaseC,olsr,75,4kbps,25,total_ip_drop_route_error,0,0,0,0,exact (0),PASS
RateSweep-CaseC,olsr,75,4kbps,25,unreachableSensors,0,0,0,0,exact (0),PASS
RateSweep-CaseC,olsr,75,4kbps,25,total_max_retry_drops,1592,1592,0,0,exact (0),PASS
RateSweep-CaseC,olsr,75,4kbps,25,pdr,40.4157,40.4157,0,0,0.01% relative,PASS
RateSweep-CaseC,olsr,75,4kbps,25,throughputKbps,127.552,127.552,0,0,0.01% relative,PASS
RateSweep-CaseC,olsr,75,4kbps,25,avgDelaySec,0.206142,0.206142,0,0,0.01% relative,PASS
RateSweep-CaseC,olsr,75,4kbps,25,avgJitterSec,0.131563,0.131563,0,0,0.01% relative,PASS
RateSweep-CaseC,olsr,75,4kbps,25,gw_airtime_busy_frac,0.332366,0.332366,0,0,0.01% relative,PASS
RateSweep-CaseC,olsr,75,4kbps,25,ring1_airtime_busy_frac_mean,0.311525,0.311525,0,0,0.01% relative,PASS
RateSweep-CaseC,olsr,75,4kbps,30,txPkts,19725,19725,0,0,exact (0),PASS
RateSweep-CaseC,olsr,75,4kbps,30,rxPkts,7663,7663,0,0,exact (0),PASS
RateSweep-CaseC,olsr,75,4kbps,30,total_phy_rx_drops,4.69363e+06,4.69363e+06,0,0,exact (0),PASS
RateSweep-CaseC,olsr,75,4kbps,30,total_mac_queue_drops,191,191,0,0,exact (0),PASS
RateSweep-CaseC,olsr,75,4kbps,30,total_ip_drop_no_route,0,0,0,0,exact (0),PASS
RateSweep-CaseC,olsr,75,4kbps,30,total_ip_drop_route_error,0,0,0,0,exact (0),PASS
RateSweep-CaseC,olsr,75,4kbps,30,unreachableSensors,0,0,0,0,exact (0),PASS
RateSweep-CaseC,olsr,75,4kbps,30,total_max_retry_drops,2222,2222,0,0,exact (0),PASS
RateSweep-CaseC,olsr,75,4kbps,30,pdr,38.8492,38.8492,0,0,0.01% relative,PASS
RateSweep-CaseC,olsr,75,4kbps,30,throughputKbps,122.608,122.608,0,0,0.01% relative,PASS
RateSweep-CaseC,olsr,75,4kbps,30,avgDelaySec,0.258197,0.258197,0,0,0.01% relative,PASS
RateSweep-CaseC,olsr,75,4kbps,30,avgJitterSec,0.153755,0.153755,0,0,0.01% relative,PASS
RateSweep-CaseC,olsr,75,4kbps,30,gw_airtime_busy_frac,0.360493,0.360493,0,0,0.01% relative,PASS
RateSweep-CaseC,olsr,75,4kbps,30,ring1_airtime_busy_frac_mean,0.338494,0.338494,0,0,0.01% relative,PASS
RateSweep-CaseC,olsr,100,4kbps,20,txPkts,26300,26300,0,0,exact (0),PASS
RateSweep-CaseC,olsr,100,4kbps,20,rxPkts,9344,9344,0,0,exact (0),PASS
RateSweep-CaseC,olsr,100,4kbps,20,total_phy_rx_drops,8.59419e+06,8.59419e+06,0,0,exact (0),PASS
RateSweep-CaseC,olsr,100,4kbps,20,total_mac_queue_drops,1655,1655,0,0,exact (0),PASS
RateSweep-CaseC,olsr,100,4kbps,20,total_ip_drop_no_route,0,0,0,0,exact (0),PASS
RateSweep-CaseC,olsr,100,4kbps,20,total_ip_drop_route_error,0,0,0,0,exact (0),PASS
RateSweep-CaseC,olsr,100,4kbps,20,unreachableSensors,0,0,0,0,exact (0),PASS
RateSweep-CaseC,olsr,100,4kbps,20,total_max_retry_drops,2511,2511,0,0,exact (0),PASS
RateSweep-CaseC,olsr,100,4kbps,20,pdr,35.5285,35.5285,0,0,0.01% relative,PASS
RateSweep-CaseC,olsr,100,4kbps,20,throughputKbps,149.504,149.504,0,0,0.01% relative,PASS
RateSweep-CaseC,olsr,100,4kbps,20,avgDelaySec,0.338975,0.338975,0,0,0.01% relative,PASS
RateSweep-CaseC,olsr,100,4kbps,20,avgJitterSec,0.188306,0.188306,0,0,0.01% relative,PASS
RateSweep-CaseC,olsr,100,4kbps,20,gw_airtime_busy_frac,0.492627,0.492627,0,0,0.01% relative,PASS
RateSweep-CaseC,olsr,100,4kbps,20,ring1_airtime_busy_frac_mean,0.450838,0.450838,0,0,0.01% relative,PASS
RateSweep-CaseC,olsr,100,4kbps,25,txPkts,26300,26300,0,0,exact (0),PASS
RateSweep-CaseC,olsr,100,4kbps,25,rxPkts,11661,11661,0,0,exact (0),PASS
RateSweep-CaseC,olsr,100,4kbps,25,total_phy_rx_drops,8.64033e+06,8.64033e+06,0,0,exact (0),PASS
RateSweep-CaseC,olsr,100,4kbps,25,total_mac_queue_drops,1956,1956,0,0,exact (0),PASS
RateSweep-CaseC,olsr,100,4kbps,25,total_ip_drop_no_route,0,0,0,0,exact (0),PASS
RateSweep-CaseC,olsr,100,4kbps,25,total_ip_drop_route_error,0,0,0,0,exact (0),PASS
RateSweep-CaseC,olsr,100,4kbps,25,unreachableSensors,0,0,0,0,exact (0),PASS
RateSweep-CaseC,olsr,100,4kbps,25,total_max_retry_drops,2583,2583,0,0,exact (0),PASS
RateSweep-CaseC,olsr,100,4kbps,25,pdr,44.3384,44.3384,0,0,0.01% relative,PASS
RateSweep-CaseC,olsr,100,4kbps,25,throughputKbps,186.576,186.576,0,0,0.01% relative,PASS
RateSweep-CaseC,olsr,100,4kbps,25,avgDelaySec,0.34055,0.34055,0,0,0.01% relative,PASS
RateSweep-CaseC,olsr,100,4kbps,25,avgJitterSec,0.207992,0.207992,0,0,0.01% relative,PASS
RateSweep-CaseC,olsr,100,4kbps,25,gw_airtime_busy_frac,0.550483,0.550483,0,0,0.01% relative,PASS
RateSweep-CaseC,olsr,100,4kbps,25,ring1_airtime_busy_frac_mean,0.512011,0.512011,0,0,0.01% relative,PASS
RateSweep-CaseC,olsr,100,4kbps,30,txPkts,26300,26300,0,0,exact (0),PASS
RateSweep-CaseC,olsr,100,4kbps,30,rxPkts,10349,10349,0,0,exact (0),PASS
RateSweep-CaseC,olsr,100,4kbps,30,total_phy_rx_drops,8.91313e+06,8.91313e+06,0,0,exact (0),PASS
RateSweep-CaseC,olsr,100,4kbps,30,total_mac_queue_drops,2191,2191,0,0,exact (0),PASS
RateSweep-CaseC,olsr,100,4kbps,30,total_ip_drop_no_route,0,0,0,0,exact (0),PASS
RateSweep-CaseC,olsr,100,4kbps,30,total_ip_drop_route_error,0,0,0,0,exact (0),PASS
RateSweep-CaseC,olsr,100,4kbps,30,unreachableSensors,0,0,0,0,exact (0),PASS
RateSweep-CaseC,olsr,100,4kbps,30,total_max_retry_drops,2904,2904,0,0,exact (0),PASS
RateSweep-CaseC,olsr,100,4kbps,30,pdr,39.3498,39.3498,0,0,0.01% relative,PASS
RateSweep-CaseC,olsr,100,4kbps,30,throughputKbps,165.584,165.584,0,0,0.01% relative,PASS
RateSweep-CaseC,olsr,100,4kbps,30,avgDelaySec,0.357737,0.357737,0,0,0.01% relative,PASS
RateSweep-CaseC,olsr,100,4kbps,30,avgJitterSec,0.207753,0.207753,0,0,0.01% relative,PASS
RateSweep-CaseC,olsr,100,4kbps,30,gw_airtime_busy_frac,0.545905,0.545905,0,0,0.01% relative,PASS
RateSweep-CaseC,olsr,100,4kbps,30,ring1_airtime_busy_frac_mean,0.502484,0.502484,0,0,0.01% relative,PASS
StaticN50-CaseD,static,50,16kbps,20,txPkts,52700,52700,0,0,exact (0),PASS
StaticN50-CaseD,static,50,16kbps,20,rxPkts,20549,20549,0,0,exact (0),PASS
StaticN50-CaseD,static,50,16kbps,20,total_phy_rx_drops,4.22827e+06,4.22827e+06,0,0,exact (0),PASS
StaticN50-CaseD,static,50,16kbps,20,total_mac_queue_drops,1315,1315,0,0,exact (0),PASS
StaticN50-CaseD,static,50,16kbps,20,total_ip_drop_no_route,0,0,0,0,exact (0),PASS
StaticN50-CaseD,static,50,16kbps,20,total_ip_drop_route_error,0,0,0,0,exact (0),PASS
StaticN50-CaseD,static,50,16kbps,20,unreachableSensors,0,0,0,0,exact (0),PASS
StaticN50-CaseD,static,50,16kbps,20,total_max_retry_drops,1085,1085,0,0,exact (0),PASS
StaticN50-CaseD,static,50,16kbps,20,pdr,38.9924,38.9924,0,0,0.01% relative,PASS
StaticN50-CaseD,static,50,16kbps,20,throughputKbps,328.784,328.784,0,0,0.01% relative,PASS
StaticN50-CaseD,static,50,16kbps,20,avgDelaySec,0.136117,0.136117,0,0,0.01% relative,PASS
StaticN50-CaseD,static,50,16kbps,20,avgJitterSec,0.0522881,0.0522881,0,0,0.01% relative,PASS
StaticN50-CaseD,static,50,16kbps,20,gw_airtime_busy_frac,0.528926,0.528926,0,0,0.01% relative,PASS
StaticN50-CaseD,static,50,16kbps,20,ring1_airtime_busy_frac_mean,0.492972,0.492972,0,0,0.01% relative,PASS
StaticN50-CaseD,static,50,16kbps,25,txPkts,52700,52700,0,0,exact (0),PASS
StaticN50-CaseD,static,50,16kbps,25,rxPkts,20108,20108,0,0,exact (0),PASS
StaticN50-CaseD,static,50,16kbps,25,total_phy_rx_drops,4.15236e+06,4.15236e+06,0,0,exact (0),PASS
StaticN50-CaseD,static,50,16kbps,25,total_mac_queue_drops,845,845,0,0,exact (0),PASS
StaticN50-CaseD,static,50,16kbps,25,total_ip_drop_no_route,0,0,0,0,exact (0),PASS
StaticN50-CaseD,static,50,16kbps,25,total_ip_drop_route_error,0,0,0,0,exact (0),PASS
StaticN50-CaseD,static,50,16kbps,25,unreachableSensors,0,0,0,0,exact (0),PASS
StaticN50-CaseD,static,50,16kbps,25,total_max_retry_drops,970,970,0,0,exact (0),PASS
StaticN50-CaseD,static,50,16kbps,25,pdr,38.1556,38.1556,0,0,0.01% relative,PASS
StaticN50-CaseD,static,50,16kbps,25,throughputKbps,321.728,321.728,0,0,0.01% relative,PASS
StaticN50-CaseD,static,50,16kbps,25,avgDelaySec,0.113286,0.113286,0,0,0.01% relative,PASS
StaticN50-CaseD,static,50,16kbps,25,avgJitterSec,0.0558131,0.0558131,0,0,0.01% relative,PASS
StaticN50-CaseD,static,50,16kbps,25,gw_airtime_busy_frac,0.503486,0.503486,0,0,0.01% relative,PASS
StaticN50-CaseD,static,50,16kbps,25,ring1_airtime_busy_frac_mean,0.49199,0.49199,0,0,0.01% relative,PASS
StaticN50-CaseD,static,50,16kbps,30,txPkts,52700,52700,0,0,exact (0),PASS
StaticN50-CaseD,static,50,16kbps,30,rxPkts,22343,22343,0,0,exact (0),PASS
StaticN50-CaseD,static,50,16kbps,30,total_phy_rx_drops,5.36016e+06,5.36016e+06,0,0,exact (0),PASS
StaticN50-CaseD,static,50,16kbps,30,total_mac_queue_drops,8978,8978,0,0,exact (0),PASS
StaticN50-CaseD,static,50,16kbps,30,total_ip_drop_no_route,0,0,0,0,exact (0),PASS
StaticN50-CaseD,static,50,16kbps,30,total_ip_drop_route_error,0,0,0,0,exact (0),PASS
StaticN50-CaseD,static,50,16kbps,30,unreachableSensors,0,0,0,0,exact (0),PASS
StaticN50-CaseD,static,50,16kbps,30,total_max_retry_drops,1754,1754,0,0,exact (0),PASS
StaticN50-CaseD,static,50,16kbps,30,pdr,42.3966,42.3966,0,0,0.01% relative,PASS
StaticN50-CaseD,static,50,16kbps,30,throughputKbps,357.488,357.488,0,0,0.01% relative,PASS
StaticN50-CaseD,static,50,16kbps,30,avgDelaySec,0.185533,0.185533,0,0,0.01% relative,PASS
StaticN50-CaseD,static,50,16kbps,30,avgJitterSec,0.0788096,0.0788096,0,0,0.01% relative,PASS
StaticN50-CaseD,static,50,16kbps,30,gw_airtime_busy_frac,0.652581,0.652581,0,0,0.01% relative,PASS
StaticN50-CaseD,static,50,16kbps,30,ring1_airtime_busy_frac_mean,0.642289,0.642289,0,0,0.01% relative,PASS
StaticN50-CaseD,static,50,4kbps,20,txPkts,13150,13150,0,0,exact (0),PASS
StaticN50-CaseD,static,50,4kbps,20,rxPkts,4279,4279,0,0,exact (0),PASS
StaticN50-CaseD,static,50,4kbps,20,total_phy_rx_drops,1.00856e+06,1.00856e+06,0,0,exact (0),PASS
StaticN50-CaseD,static,50,4kbps,20,total_mac_queue_drops,0,0,0,0,exact (0),PASS
StaticN50-CaseD,static,50,4kbps,20,total_ip_drop_no_route,0,0,0,0,exact (0),PASS
StaticN50-CaseD,static,50,4kbps,20,total_ip_drop_route_error,0,0,0,0,exact (0),PASS
StaticN50-CaseD,static,50,4kbps,20,unreachableSensors,0,0,0,0,exact (0),PASS
StaticN50-CaseD,static,50,4kbps,20,total_max_retry_drops,63,63,0,0,exact (0),PASS
StaticN50-CaseD,static,50,4kbps,20,pdr,32.5399,32.5399,0,0,0.01% relative,PASS
StaticN50-CaseD,static,50,4kbps,20,throughputKbps,68.464,68.464,0,0,0.01% relative,PASS
StaticN50-CaseD,static,50,4kbps,20,avgDelaySec,0.0852736,0.0852736,0,0,0.01% relative,PASS
StaticN50-CaseD,static,50,4kbps,20,avgJitterSec,0.036803,0.036803,0,0,0.01% relative,PASS
StaticN50-CaseD,static,50,4kbps,20,gw_airtime_busy_frac,0.110468,0.110468,0,0,0.01% relative,PASS
StaticN50-CaseD,static,50,4kbps,20,ring1_airtime_busy_frac_mean,0.106465,0.106465,0,0,0.01% relative,PASS
StaticN50-CaseD,static,50,4kbps,25,txPkts,13150,13150,0,0,exact (0),PASS
StaticN50-CaseD,static,50,4kbps,25,rxPkts,4130,4130,0,0,exact (0),PASS
StaticN50-CaseD,static,50,4kbps,25,total_phy_rx_drops,888159,888159,0,0,exact (0),PASS
StaticN50-CaseD,static,50,4kbps,25,total_mac_queue_drops,0,0,0,0,exact (0),PASS
StaticN50-CaseD,static,50,4kbps,25,total_ip_drop_no_route,0,0,0,0,exact (0),PASS
StaticN50-CaseD,static,50,4kbps,25,total_ip_drop_route_error,0,0,0,0,exact (0),PASS
StaticN50-CaseD,static,50,4kbps,25,unreachableSensors,0,0,0,0,exact (0),PASS
StaticN50-CaseD,static,50,4kbps,25,total_max_retry_drops,71,71,0,0,exact (0),PASS
StaticN50-CaseD,static,50,4kbps,25,pdr,31.4068,31.4068,0,0,0.01% relative,PASS
StaticN50-CaseD,static,50,4kbps,25,throughputKbps,66.08,66.08,0,0,0.01% relative,PASS
StaticN50-CaseD,static,50,4kbps,25,avgDelaySec,0.0787089,0.0787089,0,0,0.01% relative,PASS
StaticN50-CaseD,static,50,4kbps,25,avgJitterSec,0.0362289,0.0362289,0,0,0.01% relative,PASS
StaticN50-CaseD,static,50,4kbps,25,gw_airtime_busy_frac,0.100156,0.100156,0,0,0.01% relative,PASS
StaticN50-CaseD,static,50,4kbps,25,ring1_airtime_busy_frac_mean,0.0966758,0.0966758,0,0,0.01% relative,PASS
StaticN50-CaseD,static,50,4kbps,30,txPkts,13150,13150,0,0,exact (0),PASS
StaticN50-CaseD,static,50,4kbps,30,rxPkts,4310,4310,0,0,exact (0),PASS
StaticN50-CaseD,static,50,4kbps,30,total_phy_rx_drops,1.04423e+06,1.04423e+06,0,0,exact (0),PASS
StaticN50-CaseD,static,50,4kbps,30,total_mac_queue_drops,0,0,0,0,exact (0),PASS
StaticN50-CaseD,static,50,4kbps,30,total_ip_drop_no_route,0,0,0,0,exact (0),PASS
StaticN50-CaseD,static,50,4kbps,30,total_ip_drop_route_error,0,0,0,0,exact (0),PASS
StaticN50-CaseD,static,50,4kbps,30,unreachableSensors,0,0,0,0,exact (0),PASS
StaticN50-CaseD,static,50,4kbps,30,total_max_retry_drops,148,148,0,0,exact (0),PASS
StaticN50-CaseD,static,50,4kbps,30,pdr,32.7757,32.7757,0,0,0.01% relative,PASS
StaticN50-CaseD,static,50,4kbps,30,throughputKbps,68.96,68.96,0,0,0.01% relative,PASS
StaticN50-CaseD,static,50,4kbps,30,avgDelaySec,0.079645,0.079645,0,0,0.01% relative,PASS
StaticN50-CaseD,static,50,4kbps,30,avgJitterSec,0.0392278,0.0392278,0,0,0.01% relative,PASS
StaticN50-CaseD,static,50,4kbps,30,gw_airtime_busy_frac,0.107978,0.107978,0,0,0.01% relative,PASS
StaticN50-CaseD,static,50,4kbps,30,ring1_airtime_busy_frac_mean,0.104638,0.104638,0,0,0.01% relative,PASS
