timestamp,protocol,nodes,trafficLevel,offered_rate_kbps,seed,simTime,txPkts,rxPkts,pdr,throughputKbps,avgDelaySec,avgJitterSec,unreachableSensors,routingOverheadPkts,total_phy_rx_drops,total_mac_queue_drops,total_max_retry_drops,total_ip_drop_no_route,total_ip_drop_ttl,total_ip_drop_route_error,total_ip_drop_queue,total_ip_drop_other,gw_airtime_busy_frac,ring1_airtime_busy_frac_mean,rest_airtime_busy_frac_mean,ring1_node_count
1789020720,static,50,high,16,20,300,52700,20549,38.9924,328.784,0.136117,0.0522881,0,0,4228270,1315,1085,0,0,0,0,0,0.528926,0.492972,0.405337,19
1789020749,static,50,high,16,25,300,52700,20108,38.1556,321.728,0.113286,0.0558131,0,0,4152358,845,970,0,0,0,0,0,0.503486,0.49199,0.366318,25
1789020784,static,50,high,16,30,300,52700,22343,42.3966,357.488,0.185533,0.0788096,0,0,5360157,8978,1754,0,0,0,0,0,0.652581,0.642289,0.520163,22
1789020802,static,50,high,12,20,300,39550,12361,31.2541,197.776,0.0851373,0.0361009,0,0,2897785,0,248,0,0,0,0,0,0.325747,0.309275,0.247771,19
1789020816,static,50,high,12,25,300,39550,9680,24.4753,154.88,0.0621814,0.0313421,0,0,2435331,0,128,0,0,0,0,0,0.243881,0.237269,0.176262,25
1789020834,static,50,high,12,30,300,39550,10490,26.5234,167.84,0.0739001,0.0323372,0,0,3036165,0,306,0,0,0,0,0,0.306569,0.294128,0.228274,22
1789020845,static,50,high,8,20,300,26350,8819,33.4687,141.104,0.0890891,0.0392811,0,0,1888061,0,365,0,0,0,0,0,0.223749,0.212074,0.168859,19
1789020857,static,50,high,8,25,300,26350,8457,32.0949,135.312,0.0830287,0.0374407,0,0,1945540,0,244,0,0,0,0,0,0.202504,0.197654,0.147775,25
1789020870,static,50,high,8,30,300,26350,9876,37.4801,158.016,0.0961321,0.0433621,0,0,2270301,0,308,0,0,0,0,0,0.251955,0.242392,0.179894,22
1789020876,static,50,high,4,20,300,13150,4279,32.5399,68.464,0.0852736,0.036803,0,0,1008555,0,63,0,0,0,0,0,0.110468,0.106465,0.0839753,19
1789020882,static,50,high,4,25,300,13150,4130,31.4068,66.08,0.0787089,0.0362289,0,0,888159,0,71,0,0,0,0,0,0.100156,0.0966758,0.0719661,25
1789020889,static,50,high,4,30,300,13150,4310,32.7757,68.96,0.079645,0.0392278,0,0,1044226,0,148,0,0,0,0,0,0.107978,0.104638,0.0775139,22
1789020951,static,75,high,16,20,300,79050,24808,31.3827,396.928,0.186316,0.077446,0,0,9556918,7688,1886,0,0,0,0,0,0.699762,0.689697,0.574511,28
1789021003,static,75,high,16,25,300,79050,25904,32.7691,414.464,0.139247,0.0700438,0,0,7636726,2323,784,0,0,0,0,0,0.635677,0.616675,0.451642,38
1789021038,static,75,high,16,30,300,79050,17916,22.6641,286.656,0.132001,0.0564294,0,0,5703767,2425,944,0,0,0,0,0,0.449375,0.434188,0.320966,30
1789021069,static,75,high,12,20,300,59325,13162,22.1863,210.592,0.0861054,0.0392878,0,0,5645963,0,385,0,0,0,0,0,0.35714,0.34336,0.271614,28
1789021100,static,75,high,12,25,300,59325,16651,28.0674,266.416,0.0907695,0.0457856,0,0,4990657,0,285,0,0,0,0,0,0.377788,0.366231,0.255258,38
1789021126,static,75,high,12,30,300,59325,12164,20.504,194.624,0.0903497,0.0440395,0,0,4634192,0,805,0,0,0,0,0,0.3149,0.302233,0.227182,30
1789021153,static,75,high,8,20,300,39525,13026,32.9564,208.416,0.138743,0.0585358,0,0,4693341,0,692,0,0,0,0,0,0.357156,0.33703,0.258399,28
1789021175,static,75,high,8,25,300,39525,10935,27.666,174.96,0.0991816,0.0435279,0,0,3259914,0,238,0,0,0,0,0,0.255339,0.243097,0.17678,38
1789021191,static,75,high,8,30,300,39525,8657,21.9026,138.512,0.0932073,0.0431256,0,0,2711906,0,328,0,0,0,0,0,0.204992,0.195484,0.140855,30
1789021204,static,75,high,4,20,300,19725,5036,25.5311,80.576,0.0970521,0.0471816,0,0,1919795,0,118,0,0,0,0,0,0.133167,0.128487,0.0988986,28
1789021214,static,75,high,4,25,300,19725,5330,27.0215,85.28,0.0915366,0.04371,0,0,1671444,0,112,0,0,0,0,0,0.122855,0.11958,0.0850838,38
1789021223,static,75,high,4,30,300,19725,4945,25.0697,79.12,0.104209,0.0448457,0,0,1528525,0,271,0,0,0,0,0,0.117632,0.111265,0.0784182,30
1789021307,static,100,high,16,20,300,105400,22251,21.111,356.016,0.254628,0.0790664,0,0,15020888,14841,1855,0,0,0,0,0,0.681189,0.681722,0.611321,33
1789021388,static,100,high,16,25,300,105400,25700,24.3833,411.2,0.204553,0.0899035,0,0,12928529,14219,1750,0,0,0,0,0,0.701582,0.697444,0.586093,49
1789021450,static,100,high,16,30,300,105400,20934,19.8615,334.944,0.15124,0.0656039,0,0,10609688,4111,1609,0,0,0,0,0,0.564395,0.550458,0.43784,43
1789021520,static,100,high,12,20,300,79100,20689,26.1555,331.024,0.220594,0.0916171,0,0,11246988,11987,1313,0,0,0,0,0,0.63521,0.621071,0.526832,33
1789021584,static,100,high,12,25,300,79100,20699,26.1681,331.184,0.156904,0.0685947,0,0,9214342,2363,764,0,0,0,0,0,0.532204,0.517419,0.402856,49
1789021636,static,100,high,12,30,300,79100,16861,21.3161,269.776,0.142974,0.063191,0,0,8525888,1193,1258,0,0,0,0,0,0.434428,0.426752,0.343084,43
1789021676,static,100,high,8,20,300,52700,12711,24.1195,203.376,0.139305,0.0545182,0,0,6422279,0,671,0,0,0,0,0,0.32466,0.30829,0.247073,33
1789021728,static,100,high,8,25,300,52700,18915,35.8918,302.64,0.210074,0.0851087,0,0,8473531,1296,1667,0,0,0,0,0,0.499057,0.47882,0.372705,49
1789021769,static,100,high,8,30,300,52700,12893,24.4649,206.288,0.163971,0.0697282,0,0,6293046,145,1209,0,0,0,0,0,0.350078,0.33288,0.260935,43
1789021785,static,100,high,4,20,300,26300,4244,16.1369,67.904,0.0978379,0.0416423,0,0,2856049,0,91,0,0,0,0,0,0.121821,0.118614,0.0976406,33
1789021808,static,100,high,4,25,300,26300,7643,29.0608,122.288,0.14102,0.0638973,0,0,3374333,0,289,0,0,0,0,0,0.185051,0.177773,0.132495,49
1789021820,static,100,high,4,30,300,26300,4503,17.1217,72.048,0.0937579,0.0498078,0,0,2052879,0,171,0,0,0,0,0,0.113688,0.107946,0.080009,43
1789021883,olsr,50,high,16,20,300,52700,18046,34.2429,288.736,0.205005,0.0971119,0,0,6525756,8552,2836,0,0,0,0,0,0.67338,0.66627,0.564976,19
1789021956,olsr,50,high,16,25,300,52689,25023,47.4919,400.368,0.205904,0.105499,0,0,6785197,11586,3180,42,0,0,0,0,0.835162,0.818759,0.66137,25
1789022024,olsr,50,high,16,30,300,52499,23066,43.9361,369.056,0.191298,0.0977482,0,0,7095438,9603,3501,56,2,0,0,0,0.790083,0.780537,0.638732,22
1789022085,olsr,50,high,12,20,300,39550,16743,42.3338,267.888,0.191902,0.099023,0,0,5781097,5605,3572,0,0,0,0,0,0.648559,0.626548,0.53055,19
1789022159,olsr,50,high,12,25,300,39550,18948,47.909,303.168,0.180053,0.0961714,0,0,5320198,3319,3557,0,0,0,0,0,0.666108,0.640939,0.507182,25
1789022232,olsr,50,high,12,30,300,39550,18866,47.7016,301.856,0.160487,0.0828419,0,0,5798538,1447,4118,0,3,0,0,0,0.626697,0.614041,0.495007,22
1789022290,olsr,50,high,8,20,300,26350,8514,32.3112,136.224,0.137918,0.0691336,0,0,3432071,0,2564,0,0,0,0,0,0.355342,0.340428,0.282976,19
1789022364,olsr,50,high,8,25,300,26350,10000,37.9507,160,0.125625,0.0664198,0,0,2925701,0,1879,0,0,0,0,0,0.340385,0.319682,0.252946,25
1789022433,olsr,50,high,8,30,300,26350,13963,52.9905,223.408,0.160785,0.0775613,0,0,4142858,87,3489,0,0,0,0,0,0.474824,0.450705,0.354683,22
1789022484,olsr,50,high,4,20,300,13150,4706,35.7871,75.296,0.115625,0.0573325,0,0,1673307,0,599,0,0,0,0,0,0.183301,0.171954,0.131741,19
1789022546,olsr,50,high,4,25,300,13150,4387,33.3612,70.192,0.109861,0.0614282,0,0,1285832,0,486,0,0,0,0,0,0.170134,0.160101,0.113982,25
1789022609,olsr,50,high,4,30,300,13150,6363,48.3878,101.808,0.141483,0.0722929,0,0,1906576,0,1156,0,0,0,0,0,0.225036,0.21274,0.159342,22
1789022765,olsr,75,high,16,20,300,78876,19028,24.1239,304.448,0.294376,0.130285,0,0,13805652,29112,2877,0,0,0,0,0,0.860889,0.852169,0.755556,28
1789022927,olsr,75,high,16,25,300,78667,22092,28.0829,353.472,0.308365,0.15129,0,0,12378504,33355,2222,67,0,0,0,0,0.883629,0.878785,0.748076,38
1789023076,olsr,75,high,16,30,300,77948,20752,26.6229,332.032,0.298395,0.137832,0,0,13666565,26774,2289,217,0,0,0,0,0.865664,0.858239,0.741947,30
1789023234,olsr,75,high,12,20,300,58297,19724,33.8336,315.584,0.287315,0.153387,0,0,12126985,19307,3071,161,0,0,0,0,0.848596,0.83161,0.712528,28
1789023436,olsr,75,high,12,25,300,59314,19602,33.0478,313.632,0.252128,0.138209,0,0,10309112,14494,2908,66,2,0,0,0,0.77774,0.760031,0.622075,38
1789023600,olsr,75,high,12,30,300,59325,17783,29.9756,284.528,0.236199,0.126844,0,0,10965827,11603,3192,0,0,0,0,0,0.729993,0.717038,0.610069,30
1789023772,olsr,75,high,8,20,300,39525,14444,36.544,231.104,0.242232,0.126117,0,0,8375693,1537,3612,0,0,0,0,0,0.626015,0.592778,0.492251,28
1789023995,olsr,75,high,8,25,300,39525,15788,39.9443,252.608,0.220027,0.121813,0,0,7303299,1860,2627,0,0,0,0,0,0.599806,0.568973,0.439665,38
1789024163,olsr,75,high,8,30,300,39525,14549,36.8096,232.784,0.263599,0.13339,0,0,8520963,2630,3720,0,2,0,0,0,0.624482,0.594261,0.492946,30
1789024346,olsr,75,high,4,20,300,19725,8595,43.5741,137.52,0.275639,0.156546,0,0,4830582,345,2191,0,1,0,0,0,0.383429,0.354015,0.285136,28
1789024601,olsr,75,high,4,25,300,19725,7972,40.4157,127.552,0.206142,0.131563,0,0,3868013,30,1592,0,0,0,0,0,0.332366,0.311525,0.228842,38
1789024792,olsr,75,high,4,30,300,19725,7663,38.8492,122.608,0.258197,0.153755,0,0,4693629,191,2222,0,1,0,0,0,0.360493,0.338494,0.26889,30
1789025445,olsr,100,high,16,20,300,95701,12188,12.7355,195.008,0.362064,0.15474,0,0,19896528,47214,1436,2805,0,0,0,0,0.881684,0.867332,0.786513,33
1789029457,olsr,100,high,16,25,300,100584,16215,16.1209,259.44,0.35814,0.175838,0,0,18464544,46255,1791,1723,0,0,0,0,0.898382,0.890478,0.777633,49
1789035658,olsr,100,high,16,30,300,100657,14835,14.7382,237.36,0.36992,0.167501,0,0,20244647,40859,2045,820,0,0,0,0,0.888663,0.880385,0.781966,43
1789037068,olsr,100,high,12,20,300,78832,17528,22.2346,280.448,0.335484,0.162394,0,0,19184380,30522,2069,124,0,0,0,0,0.874398,0.864706,0.775473,33
1789043373,olsr,100,high,12,25,300,78806,19987,25.3623,319.792,0.327738,0.169503,0,0,17263029,31587,2494,50,0,0,0,0,0.891787,0.882234,0.75962,49
1789048504,olsr,100,high,12,30,300,78872,16247,20.5992,259.952,0.309324,0.154972,0,0,18185442,23313,2761,49,0,0,0,0,0.855209,0.838024,0.724987,43
1789048820,olsr,100,high,8,20,300,51601,12645,24.5053,202.32,0.33169,0.173029,0,0,14990668,11139,3530,354,1,0,0,0,0.766287,0.730156,0.633237,33
1789049276,olsr,100,high,8,25,300,52691,17476,33.167,279.616,0.295463,0.163254,0,0,13282369,6349,3115,1,0,0,0,0,0.745029,0.717558,0.590604,49
1789049661,olsr,100,high,8,30,300,52554,15870,30.1975,253.92,0.32494,0.172104,0,0,14673335,10810,3272,6,0,0,0,0,0.763783,0.737307,0.616298,43
1789050080,olsr,100,high,4,20,300,26300,9344,35.5285,149.504,0.338975,0.188306,0,0,8594193,1655,2511,0,2,0,0,0,0.492627,0.450838,0.369782,33
1789050685,olsr,100,high,4,25,300,26300,11661,44.3384,186.576,0.34055,0.207992,0,0,8640333,1956,2583,0,0,0,0,0,0.550483,0.512011,0.399085,49
1789051160,olsr,100,high,4,30,300,26300,10349,39.3498,165.584,0.357737,0.207753,0,0,8913130,2191,2904,0,0,0,0,0,0.545905,0.502484,0.398504,43
