timestamp,protocol,nodes,trafficLevel,seed,simTime,txPkts,rxPkts,pdr,throughputKbps,avgDelaySec,avgJitterSec,unreachableSensors,routingOverheadPkts,total_phy_rx_drops,total_mac_queue_drops,total_max_retry_drops,total_ip_drop_no_route,total_ip_drop_ttl,total_ip_drop_route_error,total_ip_drop_queue,total_ip_drop_other,gw_airtime_busy_frac,ring1_airtime_busy_frac_mean,rest_airtime_busy_frac_mean,ring1_node_count
1788967027,static,50,medium,20,300,26350,8819,33.4687,141.104,0.0890891,0.0392811,0,0,1888061,0,365,0,0,0,0,0,0.223749,0.212074,0.168859,19
1788967039,static,50,medium,25,300,26350,8457,32.0949,135.312,0.0830287,0.0374407,0,0,1945540,0,244,0,0,0,0,0,0.202504,0.197654,0.147775,25
1788967053,static,50,medium,30,300,26350,9876,37.4801,158.016,0.0961321,0.0433621,0,0,2270301,0,308,0,0,0,0,0,0.251955,0.242392,0.179894,22
1788967079,static,50,high,20,300,52700,20549,38.9924,328.784,0.136117,0.0522881,0,0,4228270,1315,1085,0,0,0,0,0,0.528926,0.492972,0.405337,19
1788967105,static,50,high,25,300,52700,20108,38.1556,321.728,0.113286,0.0558131,0,0,4152358,845,970,0,0,0,0,0,0.503486,0.49199,0.366318,25
1788967137,static,50,high,30,300,52700,22343,42.3966,357.488,0.185533,0.0788096,0,0,5360157,8978,1754,0,0,0,0,0,0.652581,0.642289,0.520163,22
1788967164,static,75,medium,20,300,39525,13026,32.9564,208.416,0.138743,0.0585358,0,0,4693341,0,692,0,0,0,0,0,0.357156,0.33703,0.258399,28
1788967187,static,75,medium,25,300,39525,10935,27.666,174.96,0.0991816,0.0435279,0,0,3259914,0,238,0,0,0,0,0,0.255339,0.243097,0.17678,38
1788967203,static,75,medium,30,300,39525,8657,21.9026,138.512,0.0932073,0.0431256,0,0,2711906,0,328,0,0,0,0,0,0.204992,0.195484,0.140855,30
1788967258,static,75,high,20,300,79050,24808,31.3827,396.928,0.186316,0.077446,0,0,9556918,7688,1886,0,0,0,0,0,0.699762,0.689697,0.574511,28
1788967306,static,75,high,25,300,79050,25904,32.7691,414.464,0.139247,0.0700438,0,0,7636726,2323,784,0,0,0,0,0,0.635677,0.616675,0.451642,38
1788967339,static,75,high,30,300,79050,17916,22.6641,286.656,0.132001,0.0564294,0,0,5703767,2425,944,0,0,0,0,0,0.449375,0.434188,0.320966,30
1788967375,static,100,medium,20,300,52700,12711,24.1195,203.376,0.139305,0.0545182,0,0,6422279,0,671,0,0,0,0,0,0.32466,0.30829,0.247073,33
1788967429,static,100,medium,25,300,52700,18915,35.8918,302.64,0.210074,0.0851087,0,0,8473531,1296,1667,0,0,0,0,0,0.499057,0.47882,0.372705,49
1788967466,static,100,medium,30,300,52700,12893,24.4649,206.288,0.163971,0.0697282,0,0,6293046,145,1209,0,0,0,0,0,0.350078,0.33288,0.260935,43
1788967544,static,100,high,20,300,105400,22251,21.111,356.016,0.254628,0.0790664,0,0,15020888,14841,1855,0,0,0,0,0,0.681189,0.681722,0.611321,33
1788967619,static,100,high,25,300,105400,25700,24.3833,411.2,0.204553,0.0899035,0,0,12928529,14219,1750,0,0,0,0,0,0.701582,0.697444,0.586093,49
1788967679,static,100,high,30,300,105400,20934,19.8615,334.944,0.15124,0.0656039,0,0,10609688,4111,1609,0,0,0,0,0,0.564395,0.550458,0.43784,43
1788967736,olsr,50,medium,20,300,26350,8514,32.3112,136.224,0.137918,0.0691336,0,0,3432071,0,2564,0,0,0,0,0,0.355342,0.340428,0.282976,19
1788967804,olsr,50,medium,25,300,26350,10000,37.9507,160,0.125625,0.0664198,0,0,2925701,0,1879,0,0,0,0,0,0.340385,0.319682,0.252946,25
1788967870,olsr,50,medium,30,300,26350,13963,52.9905,223.408,0.160785,0.0775613,0,0,4142858,87,3489,0,0,0,0,0,0.474824,0.450705,0.354683,22
1788967935,olsr,50,high,20,300,52700,18046,34.2429,288.736,0.205005,0.0971119,0,0,6525756,8552,2836,0,0,0,0,0,0.67338,0.66627,0.564976,19
1788968013,olsr,50,high,25,300,52689,25023,47.4919,400.368,0.205904,0.105499,0,0,6785197,11586,3180,42,0,0,0,0,0.835162,0.818759,0.66137,25
1788968087,olsr,50,high,30,300,52499,23066,43.9361,369.056,0.191298,0.0977482,0,0,7095438,9603,3501,56,2,0,0,0,0.790083,0.780537,0.638732,22
1788968265,olsr,75,medium,20,300,39525,14444,36.544,231.104,0.242232,0.126117,0,0,8375693,1537,3612,0,0,0,0,0,0.626015,0.592778,0.492251,28
1788968491,olsr,75,medium,25,300,39525,15788,39.9443,252.608,0.220027,0.121813,0,0,7303299,1860,2627,0,0,0,0,0,0.599806,0.568973,0.439665,38
1788968663,olsr,75,medium,30,300,39525,14549,36.8096,232.784,0.263599,0.13339,0,0,8520963,2630,3720,0,2,0,0,0,0.624482,0.594261,0.492946,30
1788968808,olsr,75,high,20,300,78876,19028,24.1239,304.448,0.294376,0.130285,0,0,13805652,29112,2877,0,0,0,0,0,0.860889,0.852169,0.755556,28
1788968957,olsr,75,high,25,300,78667,22092,28.0829,353.472,0.308365,0.15129,0,0,12378504,33355,2222,67,0,0,0,0,0.883629,0.878785,0.748076,38
1788969101,olsr,75,high,30,300,77948,20752,26.6229,332.032,0.298395,0.137832,0,0,13666565,26774,2289,217,0,0,0,0,0.865664,0.858239,0.741947,30
1788970676,olsr,100,medium,20,300,51601,12645,24.5053,202.32,0.33169,0.173029,0,0,14990668,11139,3530,354,1,0,0,0,0.766287,0.730156,0.633237,33
1788971129,olsr,100,medium,25,300,52691,17476,33.167,279.616,0.295463,0.163254,0,0,13282369,6349,3115,1,0,0,0,0,0.745029,0.717558,0.590604,49
1788971509,olsr,100,medium,30,300,52554,15870,30.1975,253.92,0.32494,0.172104,0,0,14673335,10810,3272,6,0,0,0,0,0.763783,0.737307,0.616298,43
1788971756,olsr,100,high,20,300,95701,12188,12.7355,195.008,0.362064,0.15474,0,0,19896528,47214,1436,2805,0,0,0,0,0.881684,0.867332,0.786513,33
1788973124,olsr,100,high,25,300,100584,16215,16.1209,259.44,0.35814,0.175838,0,0,18464544,46255,1791,1723,0,0,0,0,0.898382,0.890478,0.777633,49
1788975635,olsr,100,high,30,300,100657,14835,14.7382,237.36,0.36992,0.167501,0,0,20244647,40859,2045,820,0,0,0,0,0.888663,0.880385,0.781966,43
