protocol,nodes,trafficLevel,hop_bin,n_nodes_per_seed_mean,airtime_busy_frac_node_mean,airtime_ccabusy_s_node_mean,phy_rx_drops_node_mean,phy_rx_drops_bin_total_mean,mac_queue_drops_node_mean,mac_queue_drops_bin_total_mean,l3_unicast_forwarded_node_mean,app_pkts_originated_node_mean,ip_drop_no_route_node_mean,ip_drop_route_error_node_mean,dist_to_gw_m_node_mean
olsr,30,high,gw,1.00,0.4375,50.707,64872,64872,0.00,0.0,0.0,0.0,0.00,0.00,0.0
olsr,30,high,hop1,12.55,0.4204,37.011,65863,826278,16.43,206.2,357.1,1054.0,0.00,0.00,60.2
olsr,30,high,hop2,15.36,0.3375,21.027,74349,1142268,23.18,356.1,306.3,1053.3,0.20,0.00,119.1
olsr,30,high,hop3,2.00,0.2701,15.988,82065,164130,5.41,10.8,109.0,1051.9,0.00,0.00,144.4
olsr,30,high,unreach,0.09,0.3274,31.291,103272,9388,2.00,0.2,0.0,1029.0,0.00,0.00,148.7
olsr,30,medium,gw,1.00,0.1850,17.710,26416,26416,0.00,0.0,0.0,0.0,0.00,0.00,0.0
olsr,30,medium,hop1,12.55,0.1783,14.254,27621,346515,0.00,0.0,106.0,527.0,0.00,0.00,60.2
olsr,30,medium,hop2,15.36,0.1369,8.405,31626,485888,0.00,0.0,102.7,527.0,0.00,0.00,119.1
olsr,30,medium,hop3,2.00,0.1250,6.844,39943,79887,0.00,0.0,24.7,526.8,0.00,0.00,144.4
olsr,30,medium,unreach,0.09,0.0741,7.337,31538,2867,0.00,0.0,3.0,527.0,0.00,0.00,148.7
olsr,50,high,gw,1.00,0.7353,92.764,118191,118191,4.36,4.4,0.0,0.0,0.00,0.00,0.0
olsr,50,high,hop1,22.18,0.7236,78.499,119115,2642180,307.14,6812.9,763.7,1053.5,0.21,0.00,59.9
olsr,50,high,hop2,26.73,0.6049,47.719,132144,3531839,123.72,3306.6,289.9,1053.0,0.39,0.00,120.3
olsr,50,high,hop3,1.09,0.4437,25.385,146333,159636,10.17,11.1,83.0,1050.6,0.00,0.00,155.5
olsr,50,medium,gw,1.00,0.3630,41.062,55432,55432,0.00,0.0,0.0,0.0,0.00,0.00,0.0
olsr,50,medium,hop1,22.18,0.3422,31.993,56725,1258271,0.06,1.3,110.6,527.0,0.00,0.00,59.9
olsr,50,medium,hop2,26.73,0.2762,19.169,64697,1729176,0.51,13.7,128.8,527.0,0.00,0.00,120.3
olsr,50,medium,hop3,1.09,0.2024,10.613,80164,87451,0.17,0.2,8.8,527.0,0.00,0.00,155.5
olsr,75,high,gw,1.00,0.8638,124.192,164210,164210,20.27,20.3,0.0,0.0,0.00,0.00,0.0
olsr,75,high,hop1,32.27,0.8556,104.332,163149,5265275,664.55,21447.0,1101.8,1044.5,5.80,0.00,60.3
olsr,75,high,hop2,42.00,0.7480,67.868,176808,7425936,160.00,6719.9,244.6,1041.7,0.99,0.00,120.5
olsr,75,high,hop3,0.73,0.5701,38.496,194961,141790,4.75,3.5,34.4,1032.1,0.00,0.00,162.6
olsr,75,medium,gw,1.00,0.5807,74.197,93817,93817,1.36,1.4,0.0,0.0,0.00,0.00,0.0
olsr,75,medium,hop1,32.27,0.5488,56.311,93528,3018393,32.28,1041.7,224.3,527.0,0.00,0.00,60.3
olsr,75,medium,hop2,42.00,0.4466,33.424,104429,4386010,15.74,661.1,149.3,527.0,0.01,0.00,120.5
olsr,75,medium,hop3,0.73,0.3314,20.094,114185,83043,0.00,0.0,4.6,527.0,0.00,0.00,162.6
olsr,100,high,gw,1.00,0.8893,144.738,190503,190503,80.45,80.5,0.0,0.0,0.00,0.00,0.0
olsr,100,high,hop1,41.73,0.8812,114.338,187688,7831715,813.42,33941.6,1092.1,1009.8,22.87,0.00,61.2
olsr,100,high,hop2,57.36,0.7876,75.628,198333,11377089,164.71,9448.4,232.1,991.3,6.63,0.00,120.9
olsr,100,high,hop3,0.91,0.6405,45.614,217758,197962,6.00,5.5,34.3,983.9,1.40,0.00,163.9
olsr,100,medium,gw,1.00,0.7433,105.866,134179,134179,11.73,11.7,0.0,0.0,0.00,0.00,0.0
olsr,100,medium,hop1,41.73,0.7196,81.987,132142,5513905,175.28,7314.1,443.9,526.0,0.84,0.00,61.2
olsr,100,medium,hop2,57.36,0.6029,50.581,142689,8185167,38.63,2215.9,139.6,524.1,0.53,0.00,120.9
olsr,100,medium,hop3,0.91,0.4274,27.513,151810,138010,0.30,0.3,23.4,526.2,0.00,0.00,163.9
static,30,high,gw,1.00,0.3653,31.984,52436,52436,0.00,0.0,0.0,0.0,0.00,0.00,0.0
static,30,high,hop1,12.55,0.3335,24.010,51946,651690,0.12,1.5,818.8,1054.0,0.00,0.00,60.2
static,30,high,hop2,15.36,0.2714,15.288,64427,989832,0.00,0.0,108.1,1054.0,0.00,0.00,119.1
static,30,high,hop3,2.00,0.2174,14.630,80283,160565,0.00,0.0,0.0,1054.0,0.00,0.00,144.4
static,30,high,unreach,0.09,0.1527,19.997,71782,6526,0.00,0.0,0.0,1054.0,0.00,0.00,148.7
static,30,medium,gw,1.00,0.1717,14.629,24291,24291,0.00,0.0,0.0,0.0,0.00,0.00,0.0
static,30,medium,hop1,12.55,0.1597,11.179,24727,310213,0.00,0.0,377.0,527.0,0.00,0.00,60.2
static,30,medium,hop2,15.36,0.1240,7.143,29567,454249,0.00,0.0,48.2,527.0,0.00,0.00,119.1
static,30,medium,hop3,2.00,0.0960,6.149,37444,74887,0.00,0.0,0.0,527.0,0.00,0.00,144.4
static,30,medium,unreach,0.09,0.0746,10.280,35801,3255,0.00,0.0,0.0,527.0,0.00,0.00,148.7
static,50,high,gw,1.00,0.5622,56.127,78782,78782,0.45,0.5,0.0,0.0,0.00,0.00,0.0
static,50,high,hop1,22.18,0.5400,47.717,81363,1804781,136.22,3021.5,655.2,1054.0,0.00,0.00,59.9
static,50,high,hop2,26.73,0.4245,30.388,95205,2544582,8.79,234.9,30.3,1054.0,0.00,0.00,120.3
static,50,high,hop3,1.09,0.3277,17.806,117768,128474,0.00,0.0,0.0,1054.0,0.00,0.00,155.5
static,50,medium,gw,1.00,0.2424,20.409,35428,35428,0.00,0.0,0.0,0.0,0.00,0.00,0.0
static,50,medium,hop1,22.18,0.2276,17.863,36753,815242,0.00,0.0,292.8,527.0,0.00,0.00,59.9
static,50,medium,hop2,26.73,0.1756,11.857,44009,1176246,0.00,0.0,13.4,527.0,0.00,0.00,120.3
static,50,medium,hop3,1.09,0.1304,6.763,52602,57384,0.00,0.0,0.0,527.0,0.00,0.00,155.5
static,75,high,gw,1.00,0.6219,64.168,93187,93187,2.27,2.3,0.0,0.0,0.00,0.00,0.0
static,75,high,hop1,32.27,0.6040,57.351,95499,3082026,191.88,6192.5,609.4,1054.0,0.00,0.00,60.3
static,75,high,hop2,42.00,0.4821,38.884,111999,4703944,8.46,355.5,7.8,1054.0,0.00,0.00,120.5
static,75,high,hop3,0.73,0.2898,19.411,123324,89690,0.00,0.0,0.0,1054.0,0.00,0.00,162.6
static,75,medium,gw,1.00,0.3041,26.689,45386,45386,0.00,0.0,0.0,0.0,0.00,0.00,0.0
static,75,medium,hop1,32.27,0.2826,22.763,46736,1508305,0.04,1.3,255.9,527.0,0.00,0.00,60.3
static,75,medium,hop2,42.00,0.2175,15.574,56428,2369963,0.00,0.0,4.5,527.0,0.00,0.00,120.5
static,75,medium,hop3,0.73,0.1285,8.564,64603,46984,0.00,0.0,0.0,527.0,0.00,0.00,162.6
static,100,high,gw,1.00,0.6559,72.982,111237,111237,10.91,10.9,0.0,0.0,0.00,0.00,0.0
static,100,high,hop1,41.73,0.6406,68.580,113246,4725467,269.64,11251.2,621.5,1054.0,0.00,0.00,61.2
static,100,high,hop2,57.36,0.5398,46.469,129662,7437911,20.95,1201.6,9.1,1054.0,0.00,0.00,120.9
static,100,high,hop3,0.91,0.4099,28.682,132327,120297,0.00,0.0,0.0,1054.0,0.00,0.00,163.9
static,100,medium,gw,1.00,0.3849,37.610,59381,59381,0.45,0.5,0.0,0.0,0.00,0.00,0.0
static,100,medium,hop1,41.73,0.3571,31.296,60923,2542163,6.74,281.1,256.8,527.0,0.00,0.00,61.2
static,100,medium,hop2,57.36,0.2782,20.326,72175,4140247,0.05,2.6,4.9,527.0,0.00,0.00,120.9
static,100,medium,hop3,0.91,0.1865,8.912,74555,67777,0.00,0.0,0.0,527.0,0.00,0.00,163.9
